entry,Catalyst,reactant1,reactant2,ee,solvent,other,T,reaction,T_K,Output
1,C1([Ir+3]23(C4=CC=CC=C4C5=[N]3C=CC=C5)6C7=CC=CC=C7C8=[N]2C=CC=C8)=CC=CC=C1C9=[N]6C=CC=C9,[H]/C(C1=CC=CC=C1)=N\S(C)(=O)=O,CN(C1=CC=CC=C1)C2=CC=CC=C2,0,CC1=CC=CC=C1,FC(C(C=C1C2=CC=CC=C2)=CC=C1C3=C(N[P+](NC4=CC5=CC=CC=C5C=C4)(NC6=C7C8=CC=CC=C8C=C6C9=CC=C(C(F)(F)F)C=C9C%10=CC=CC=C%10)NC%11=CC=C(C=CC=C%12)C%12=C%11)C7=C%13C(C=CC=C%13)=C3)(F)F.FC(C%14=CC(C(F)(F)F)=CC([B-](C%15=CC(C(F)(F)F)=CC(C(F)(F)F)=C%15)(C%16=CC(C(F)(F)F)=CC(C(F)(F)F)=C%16)C%17=CC(C(F)(F)F)=CC(C(F)(F)F)=C%17)=C%14)(F)F,25,C1([Ir+3]23(C4=CC=CC=C4C5=[N]3C=CC=C5)6C7=CC=CC=C7C8=[N]2C=CC=C8)=CC=CC=C1C9=[N]6C=CC=C9.FC(C(C=C1C2=CC=CC=C2)=CC=C1C3=C(N[P+](NC4=CC5=CC=CC=C5C=C4)(NC6=C7C8=CC=CC=C8C=C6C9=CC=C(C(F)(F)F)C=C9C%10=CC=CC=C%10)NC%11=CC=C(C=CC=C%12)C%12=C%11)C7=C%13C(C=CC=C%13)=C3)(F)F.FC(C%14=CC(C(F)(F)F)=CC([B-](C%15=CC(C(F)(F)F)=CC(C(F)(F)F)=C%15)(C%16=CC(C(F)(F)F)=CC(C(F)(F)F)=C%16)C%17=CC(C(F)(F)F)=CC(C(F)(F)F)=C%17)=C%14)(F)F.CC1=CC=CC=C1.[H]/C(C1=CC=CC=C1)=N\S(C)(=O)=O.CN(C1=CC=CC=C1)C2=CC=CC=C2,298.15,0
2,FC1=CC=C(C2=[N]3C=CC=C2)C([Ir+3]45(C6=CC(F)=CC=C6C7=[N]5C=CC=C7)3C8=CC(F)=CC=C8C9=[N]4C=CC=C9)=C1,[H]/C(C1=CC=CC=C1)=N\S(C)(=O)=O,CN(C1=CC=CC=C1)C2=CC=CC=C2,0.93,CC1=CC=CC=C1,FC(C(C=C1C2=CC=CC=C2)=CC=C1C3=C(N[P+](NC4=CC5=CC=CC=C5C=C4)(NC6=C7C8=CC=CC=C8C=C6C9=CC=C(C(F)(F)F)C=C9C%10=CC=CC=C%10)NC%11=CC=C(C=CC=C%12)C%12=C%11)C7=C%13C(C=CC=C%13)=C3)(F)F.FC(C%14=CC(C(F)(F)F)=CC([B-](C%15=CC(C(F)(F)F)=CC(C(F)(F)F)=C%15)(C%16=CC(C(F)(F)F)=CC(C(F)(F)F)=C%16)C%17=CC(C(F)(F)F)=CC(C(F)(F)F)=C%17)=C%14)(F)F,25,FC1=CC=C(C2=[N]3C=CC=C2)C([Ir+3]45(C6=CC(F)=CC=C6C7=[N]5C=CC=C7)3C8=CC(F)=CC=C8C9=[N]4C=CC=C9)=C1.FC(C(C=C1C2=CC=CC=C2)=CC=C1C3=C(N[P+](NC4=CC5=CC=CC=C5C=C4)(NC6=C7C8=CC=CC=C8C=C6C9=CC=C(C(F)(F)F)C=C9C%10=CC=CC=C%10)NC%11=CC=C(C=CC=C%12)C%12=C%11)C7=C%13C(C=CC=C%13)=C3)(F)F.FC(C%14=CC(C(F)(F)F)=CC([B-](C%15=CC(C(F)(F)F)=CC(C(F)(F)F)=C%15)(C%16=CC(C(F)(F)F)=CC(C(F)(F)F)=C%16)C%17=CC(C(F)(F)F)=CC(C(F)(F)F)=C%17)=C%14)(F)F.CC1=CC=CC=C1.[H]/C(C1=CC=CC=C1)=N\S(C)(=O)=O.CN(C1=CC=CC=C1)C2=CC=CC=C2,298.15,1.965118265801244
3,FC1=CC=C(C2=[N]3C=CC=C2)C([Ir+3]45(C6=CC(F)=CC=C6C7=[N]5C=CC=C7)3C8=CC(F)=CC=C8C9=[N]4C=CC=C9)=C1,[H]/C(C1=CC=CC=C1)=N\S(C)(=O)=O,C[Si](C)(C)CN(C1=CC=CC=C1)C2=CC=CC=C2,0.88,CC1=CC=CC=C1,FC(C(C=C1C2=CC=CC=C2)=CC=C1C3=C(N[P+](NC4=CC5=CC=CC=C5C=C4)(NC6=C7C8=CC=CC=C8C=C6C9=CC=C(C(F)(F)F)C=C9C%10=CC=CC=C%10)NC%11=CC=C(C=CC=C%12)C%12=C%11)C7=C%13C(C=CC=C%13)=C3)(F)F.FC(C%14=CC(C(F)(F)F)=CC([B-](C%15=CC(C(F)(F)F)=CC(C(F)(F)F)=C%15)(C%16=CC(C(F)(F)F)=CC(C(F)(F)F)=C%16)C%17=CC(C(F)(F)F)=CC(C(F)(F)F)=C%17)=C%15)(F)F,25,FC1=CC=C(C2=[N]3C=CC=C2)C([Ir+3]45(C6=CC(F)=CC=C6C7=[N]5C=CC=C7)3C8=CC(F)=CC=C8C9=[N]4C=CC=C9)=C1.FC(C(C=C1C2=CC=CC=C2)=CC=C1C3=C(N[P+](NC4=CC5=CC=CC=C5C=C4)(NC6=C7C8=CC=CC=C8C=C6C9=CC=C(C(F)(F)F)C=C9C%10=CC=CC=C%10)NC%11=CC=C(C=CC=C%12)C%12=C%11)C7=C%13C(C=CC=C%13)=C3)(F)F.FC(C%14=CC(C(F)(F)F)=CC([B-](C%15=CC(C(F)(F)F)=CC(C(F)(F)F)=C%15)(C%16=CC(C(F)(F)F)=CC(C(F)(F)F)=C%16)C%17=CC(C(F)(F)F)=CC(C(F)(F)F)=C%17)=C%15)(F)F.CC1=CC=CC=C1.[H]/C(C1=CC=CC=C1)=N\S(C)(=O)=O.C[Si](C)(C)CN(C1=CC=CC=C1)C2=CC=CC=C2,298.15,1.6302233605159742
4,C1([Ir+3]23(C4=CC=CC=C4C5=[N]3C=CC=C5)6C7=CC=CC=C7C8=[N]2C=CC=C8)=CC=CC=C1C9=[N]6C=CC=C9,[H]/C(C1=CC=CC=C1)=N\S(C)(=O)=O,C[Si](C)(C)CN(C1=CC=CC=C1)C2=CC=CC=C2,0.86,CC1=CC=CC=C1,FC(C(C=C1C2=CC=CC=C2)=CC=C1C3=C(N[P+](NC4=CC5=CC=CC=C5C=C4)(NC6=C7C8=CC=CC=C8C=C6C9=CC=C(C(F)(F)F)C=C9C%10=CC=CC=C%10)NC%11=CC=C(C=CC=C%12)C%12=C%11)C7=C%13C(C=CC=C%13)=C3)(F)F.FC(C%14=CC(C(F)(F)F)=CC([B-](C%15=CC(C(F)(F)F)=CC(C(F)(F)F)=C%15)(C%16=CC(C(F)(F)F)=CC(C(F)(F)F)=C%16)C%17=CC(C(F)(F)F)=CC(C(F)(F)F)=C%17)=C%14)(F)F,25,C1([Ir+3]23(C4=CC=CC=C4C5=[N]3C=CC=C5)6C7=CC=CC=C7C8=[N]2C=CC=C8)=CC=CC=C1C9=[N]6C=CC=C9.FC(C(C=C1C2=CC=CC=C2)=CC=C1C3=C(N[P+](NC4=CC5=CC=CC=C5C=C4)(NC6=C7C8=CC=CC=C8C=C6C9=CC=C(C(F)(F)F)C=C9C%10=CC=CC=C%10)NC%11=CC=C(C=CC=C%12)C%12=C%11)C7=C%13C(C=CC=C%13)=C3)(F)F.FC(C%14=CC(C(F)(F)F)=CC([B-](C%15=CC(C(F)(F)F)=CC(C(F)(F)F)=C%15)(C%16=CC(C(F)(F)F)=CC(C(F)(F)F)=C%16)C%17=CC(C(F)(F)F)=CC(C(F)(F)F)=C%17)=C%14)(F)F.CC1=CC=CC=C1.[H]/C(C1=CC=CC=C1)=N\S(C)(=O)=O.C[Si](C)(C)CN(C1=CC=CC=C1)C2=CC=CC=C2,298.15,1.5325557971793762
5,C1([Ir+3]23(C4=CC=CC=C4C5=[N]3C=CC=C5)6C7=CC=CC=C7C8=[N]2C=CC=C8)=CC=CC=C1C9=[N]6C=CC=C9,[H]/C(C1=CC=CC=C1)=N\S(C)(=O)=O,C[Si](C)(C)CN(C1=CC=CC=C1)C2=CC=CC=C2,0.91,CC1=CC=CC=C1,FC(C(C=C1C2=CC=CC=C2)=CC=C1C3=C(N[P+](NC4=CC5=CC=CC=C5C=C4)(NC6=C7C8=CC=CC=C8C=C6C9=CC=C(C(F)(F)F)C=C9C%10=CC=CC=C%10)NC%11=CC=C(C=CC=C%12)C%12=C%11)C7=C%13C(C=CC=C%13)=C3)(F)F.FC(C%14=CC(C(F)(F)F)=CC([B-](C%15=CC(C(F)(F)F)=CC(C(F)(F)F)=C%15)(C%16=CC(C(F)(F)F)=CC(C(F)(F)F)=C%16)C%17=CC(C(F)(F)F)=CC(C(F)(F)F)=C%17)=C%14)(F)F,25,C1([Ir+3]23(C4=CC=CC=C4C5=[N]3C=CC=C5)6C7=CC=CC=C7C8=[N]2C=CC=C8)=CC=CC=C1C9=[N]6C=CC=C9.FC(C(C=C1C2=CC=CC=C2)=CC=C1C3=C(N[P+](NC4=CC5=CC=CC=C5C=C4)(NC6=C7C8=CC=CC=C8C=C6C9=CC=C(C(F)(F)F)C=C9C%10=CC=CC=C%10)NC%11=CC=C(C=CC=C%12)C%12=C%11)C7=C%13C(C=CC=C%13)=C3)(F)F.FC(C%14=CC(C(F)(F)F)=CC([B-](C%15=CC(C(F)(F)F)=CC(C(F)(F)F)=C%15)(C%16=CC(C(F)(F)F)=CC(C(F)(F)F)=C%16)C%17=CC(C(F)(F)F)=CC(C(F)(F)F)=C%17)=C%14)(F)F.CC1=CC=CC=C1.[H]/C(C1=CC=CC=C1)=N\S(C)(=O)=O.C[Si](C)(C)CN(C1=CC=CC=C1)C2=CC=CC=C2,298.15,1.8100483683923776
6,C1([Ir+3]23(C4=CC=CC=C4C5=[N]3C=CC=C5)6C7=CC=CC=C7C8=[N]2C=CC=C8)=CC=CC=C1C9=[N]6C=CC=C9,[H]/C(C1=CC=CC=C1)=N\S(C)(=O)=O,C[Si](C)(C)CN(C1=CC=CC=C1)C2=CC=CC=C2,0.92,CCOCC,FC(C(C=C1C2=CC=CC=C2)=CC=C1C3=C(N[P+](NC4=CC5=CC=CC=C5C=C4)(NC6=C7C8=CC=CC=C8C=C6C9=CC=C(C(F)(F)F)C=C9C%10=CC=CC=C%10)NC%11=CC=C(C=CC=C%12)C%12=C%11)C7=C%13C(C=CC=C%13)=C3)(F)F.FC(C%14=CC(C(F)(F)F)=CC([B-](C%15=CC(C(F)(F)F)=CC(C(F)(F)F)=C%15)(C%16=CC(C(F)(F)F)=CC(C(F)(F)F)=C%16)C%17=CC(C(F)(F)F)=CC(C(F)(F)F)=C%17)=C%14)(F)F,25,C1([Ir+3]23(C4=CC=CC=C4C5=[N]3C=CC=C5)6C7=CC=CC=C7C8=[N]2C=CC=C8)=CC=CC=C1C9=[N]6C=CC=C9.FC(C(C=C1C2=CC=CC=C2)=CC=C1C3=C(N[P+](NC4=CC5=CC=CC=C5C=C4)(NC6=C7C8=CC=CC=C8C=C6C9=CC=C(C(F)(F)F)C=C9C%10=CC=CC=C%10)NC%11=CC=C(C=CC=C%12)C%12=C%11)C7=C%13C(C=CC=C%13)=C3)(F)F.FC(C%14=CC(C(F)(F)F)=CC([B-](C%15=CC(C(F)(F)F)=CC(C(F)(F)F)=C%15)(C%16=CC(C(F)(F)F)=CC(C(F)(F)F)=C%16)C%17=CC(C(F)(F)F)=CC(C(F)(F)F)=C%17)=C%14)(F)F.CCOCC.[H]/C(C1=CC=CC=C1)=N\S(C)(=O)=O.C[Si](C)(C)CN(C1=CC=CC=C1)C2=CC=CC=C2,298.15,1.8829260779076564
7,C1([Ir+3]23(C4=CC=CC=C4C5=[N]3C=CC=C5)6C7=CC=CC=C7C8=[N]2C=CC=C8)=CC=CC=C1C9=[N]6C=CC=C9,[H]/C(C1=CC=CC=C1)=N\S(C)(=O)=O,C[Si](C)(C)CN(C1=CC=CC=C1)C2=CC=CC=C2,0.93,COC1CCCC1,FC(C(C=C1C2=CC=CC=C2)=CC=C1C3=C(N[P+](NC4=CC5=CC=CC=C5C=C4)(NC6=C7C8=CC=CC=C8C=C6C9=CC=C(C(F)(F)F)C=C9C%10=CC=CC=C%10)NC%11=CC=C(C=CC=C%12)C%12=C%11)C7=C%13C(C=CC=C%13)=C3)(F)F.FC(C%14=CC(C(F)(F)F)=CC([B-](C%15=CC(C(F)(F)F)=CC(C(F)(F)F)=C%15)(C%16=CC(C(F)(F)F)=CC(C(F)(F)F)=C%16)C%17=CC(C(F)(F)F)=CC(C(F)(F)F)=C%17)=C%14)(F)F,25,C1([Ir+3]23(C4=CC=CC=C4C5=[N]3C=CC=C5)6C7=CC=CC=C7C8=[N]2C=CC=C8)=CC=CC=C1C9=[N]6C=CC=C9.FC(C(C=C1C2=CC=CC=C2)=CC=C1C3=C(N[P+](NC4=CC5=CC=CC=C5C=C4)(NC6=C7C8=CC=CC=C8C=C6C9=CC=C(C(F)(F)F)C=C9C%10=CC=CC=C%10)NC%11=CC=C(C=CC=C%12)C%12=C%11)C7=C%13C(C=CC=C%13)=C3)(F)F.FC(C%14=CC(C(F)(F)F)=CC([B-](C%15=CC(C(F)(F)F)=CC(C(F)(F)F)=C%15)(C%16=CC(C(F)(F)F)=CC(C(F)(F)F)=C%16)C%17=CC(C(F)(F)F)=CC(C(F)(F)F)=C%17)=C%14)(F)F.COC1CCCC1.[H]/C(C1=CC=CC=C1)=N\S(C)(=O)=O.C[Si](C)(C)CN(C1=CC=CC=C1)C2=CC=CC=C2,298.15,1.965118265801244
8,C1([Ir+3]23(C4=CC=CC=C4C5=[N]3C=CC=C5)6C7=CC=CC=C7C8=[N]2C=CC=C8)=CC=CC=C1C9=[N]6C=CC=C9,[H]/C(C1=CC=CC=C1)=N\S(C)(=O)=O,C[Si](C)(C)CN(C1=CC=CC=C1)C2=CC=CC=C2,0.93,COC1CCCC1,FC(C(C=C1C2=CC=CC=C2)=CC=C1C3=C(N[P+](NC4=CC5=CC=CC=C5C=C4)(NC6=C7C8=CC=CC=C8C=C6C9=CC=C(C(F)(F)F)C=C9C%10=CC=CC=C%10)NC%11=CC=C(C=CC=C%12)C%12=C%11)C7=C%13C(C=CC=C%13)=C3)(F)F.FC(C%14=CC(C(F)(F)F)=CC([B-](C%15=CC(C(F)(F)F)=CC(C(F)(F)F)=C%15)(C%16=CC(C(F)(F)F)=CC(C(F)(F)F)=C%16)C%17=CC(C(F)(F)F)=CC(C(F)(F)F)=C%17)=C%14)(F)F,25,C1([Ir+3]23(C4=CC=CC=C4C5=[N]3C=CC=C5)6C7=CC=CC=C7C8=[N]2C=CC=C8)=CC=CC=C1C9=[N]6C=CC=C9.FC(C(C=C1C2=CC=CC=C2)=CC=C1C3=C(N[P+](NC4=CC5=CC=CC=C5C=C4)(NC6=C7C8=CC=CC=C8C=C6C9=CC=C(C(F)(F)F)C=C9C%10=CC=CC=C%10)NC%11=CC=C(C=CC=C%12)C%12=C%11)C7=C%13C(C=CC=C%13)=C3)(F)F.FC(C%14=CC(C(F)(F)F)=CC([B-](C%15=CC(C(F)(F)F)=CC(C(F)(F)F)=C%15)(C%16=CC(C(F)(F)F)=CC(C(F)(F)F)=C%16)C%17=CC(C(F)(F)F)=CC(C(F)(F)F)=C%17)=C%14)(F)F.COC1CCCC1.[H]/C(C1=CC=CC=C1)=N\S(C)(=O)=O.C[Si](C)(C)CN(C1=CC=CC=C1)C2=CC=CC=C2,298.15,1.965118265801244
9,C1([Ir+3]23(C4=CC=CC=C4C5=[N]3C=CC=C5)6C7=CC=CC=C7C8=[N]2C=CC=C8)=CC=CC=C1C9=[N]6C=CC=C9,[H]/C(C1=CC=C(C)C=C1)=N\S(C)(=O)=O,C[Si](C)(C)CN(C1=CC=CC=C1)C2=CC=CC=C2,0.97,COC1CCCC1,FC(C(C=C1C2=CC=CC=C2)=CC=C1C3=C(N[P+](NC4=CC5=CC=CC=C5C=C4)(NC6=C7C8=CC=CC=C8C=C6C9=CC=C(C(F)(F)F)C=C9C%10=CC=CC=C%10)NC%11=CC=C(C=CC=C%12)C%12=C%11)C7=C%13C(C=CC=C%13)=C3)(F)F.FC(C%14=CC(C(F)(F)F)=CC([B-](C%15=CC(C(F)(F)F)=CC(C(F)(F)F)=C%15)(C%16=CC(C(F)(F)F)=CC(C(F)(F)F)=C%16)C%17=CC(C(F)(F)F)=CC(C(F)(F)F)=C%17)=C%14)(F)F,25,C1([Ir+3]23(C4=CC=CC=C4C5=[N]3C=CC=C5)6C7=CC=CC=C7C8=[N]2C=CC=C8)=CC=CC=C1C9=[N]6C=CC=C9.FC(C(C=C1C2=CC=CC=C2)=CC=C1C3=C(N[P+](NC4=CC5=CC=CC=C5C=C4)(NC6=C7C8=CC=CC=C8C=C6C9=CC=C(C(F)(F)F)C=C9C%10=CC=CC=C%10)NC%11=CC=C(C=CC=C%12)C%12=C%11)C7=C%13C(C=CC=C%13)=C3)(F)F.FC(C%14=CC(C(F)(F)F)=CC([B-](C%15=CC(C(F)(F)F)=CC(C(F)(F)F)=C%15)(C%16=CC(C(F)(F)F)=CC(C(F)(F)F)=C%16)C%17=CC(C(F)(F)F)=CC(C(F)(F)F)=C%17)=C%14)(F)F.COC1CCCC1.[H]/C(C1=CC=C(C)C=C1)=N\S(C)(=O)=O.C[Si](C)(C)CN(C1=CC=CC=C1)C2=CC=CC=C2,298.15,2.479277182990343
10,C1([Ir+3]23(C4=CC=CC=C4C5=[N]3C=CC=C5)6C7=CC=CC=C7C8=[N]2C=CC=C8)=CC=CC=C1C9=[N]6C=CC=C9,[H]/C(C1=CC=C(C=C1)F)=N\S(C)(=O)=O,C[Si](C)(C)CN(C1=CC=CC=C1)C2=CC=CC=C2,0.91,COC1CCCC1,FC(C(C=C1C2=CC=CC=C2)=CC=C1C3=C(N[P+](NC4=CC5=CC=CC=C5C=C4)(NC6=C7C8=CC=CC=C8C=C6C9=CC=C(C(F)(F)F)C=C9C%10=CC=CC=C%10)NC%11=CC=C(C=CC=C%12)C%12=C%11)C7=C%13C(C=CC=C%13)=C3)(F)F.FC(C%14=CC(C(F)(F)F)=CC([B-](C%15=CC(C(F)(F)F)=CC(C(F)(F)F)=C%15)(C%16=CC(C(F)(F)F)=CC(C(F)(F)F)=C%16)C%17=CC(C(F)(F)F)=CC(C(F)(F)F)=C%17)=C%14)(F)F,25,C1([Ir+3]23(C4=CC=CC=C4C5=[N]3C=CC=C5)6C7=CC=CC=C7C8=[N]2C=CC=C8)=CC=CC=C1C9=[N]6C=CC=C9.FC(C(C=C1C2=CC=CC=C2)=CC=C1C3=C(N[P+](NC4=CC5=CC=CC=C5C=C4)(NC6=C7C8=CC=CC=C8C=C6C9=CC=C(C(F)(F)F)C=C9C%10=CC=CC=C%10)NC%11=CC=C(C=CC=C%12)C%12=C%11)C7=C%13C(C=CC=C%13)=C3)(F)F.FC(C%14=CC(C(F)(F)F)=CC([B-](C%15=CC(C(F)(F)F)=CC(C(F)(F)F)=C%15)(C%16=CC(C(F)(F)F)=CC(C(F)(F)F)=C%16)C%17=CC(C(F)(F)F)=CC(C(F)(F)F)=C%17)=C%14)(F)F.COC1CCCC1.[H]/C(C1=CC=C(C=C1)F)=N\S(C)(=O)=O.C[Si](C)(C)CN(C1=CC=CC=C1)C2=CC=CC=C2,298.15,1.8100483683923776
11,C1([Ir+3]23(C4=CC=CC=C4C5=[N]3C=CC=C5)6C7=CC=CC=C7C8=[N]2C=CC=C8)=CC=CC=C1C9=[N]6C=CC=C9,[H]/C(C1=CC=C(C=C1)Cl)=N\S(C)(=O)=O,C[Si](C)(C)CN(C1=CC=CC=C1)C2=CC=CC=C2,0.87,COC1CCCC1,FC(C(C=C1C2=CC=CC=C2)=CC=C1C3=C(N[P+](NC4=CC5=CC=CC=C5C=C4)(NC6=C7C8=CC=CC=C8C=C6C9=CC=C(C(F)(F)F)C=C9C%10=CC=CC=C%10)NC%11=CC=C(C=CC=C%12)C%12=C%11)C7=C%13C(C=CC=C%13)=C3)(F)F.FC(C%14=CC(C(F)(F)F)=CC([B-](C%15=CC(C(F)(F)F)=CC(C(F)(F)F)=C%15)(C%16=CC(C(F)(F)F)=CC(C(F)(F)F)=C%16)C%17=CC(C(F)(F)F)=CC(C(F)(F)F)=C%17)=C%14)(F)F,25,C1([Ir+3]23(C4=CC=CC=C4C5=[N]3C=CC=C5)6C7=CC=CC=C7C8=[N]2C=CC=C8)=CC=CC=C1C9=[N]6C=CC=C9.FC(C(C=C1C2=CC=CC=C2)=CC=C1C3=C(N[P+](NC4=CC5=CC=CC=C5C=C4)(NC6=C7C8=CC=CC=C8C=C6C9=CC=C(C(F)(F)F)C=C9C%10=CC=CC=C%10)NC%11=CC=C(C=CC=C%12)C%12=C%11)C7=C%13C(C=CC=C%13)=C3)(F)F.FC(C%14=CC(C(F)(F)F)=CC([B-](C%15=CC(C(F)(F)F)=CC(C(F)(F)F)=C%15)(C%16=CC(C(F)(F)F)=CC(C(F)(F)F)=C%16)C%17=CC(C(F)(F)F)=CC(C(F)(F)F)=C%17)=C%14)(F)F.COC1CCCC1.[H]/C(C1=CC=C(C=C1)Cl)=N\S(C)(=O)=O.C[Si](C)(C)CN(C1=CC=CC=C1)C2=CC=CC=C2,298.15,1.5796399511636048
12,C1([Ir+3]23(C4=CC=CC=C4C5=[N]3C=CC=C5)6C7=CC=CC=C7C8=[N]2C=CC=C8)=CC=CC=C1C9=[N]6C=CC=C9,[H]/C(C1=CC=C(SC)C=C1)=N\S(C)(=O)=O,C[Si](C)(C)CN(C1=CC=CC=C1)C2=CC=CC=C2,0.96,COC1CCCC1,FC(C(C=C1C2=CC=CC=C2)=CC=C1C3=C(N[P+](NC4=CC5=CC=CC=C5C=C4)(NC6=C7C8=CC=CC=C8C=C6C9=CC=C(C(F)(F)F)C=C9C%10=CC=CC=C%10)NC%11=CC=C(C=CC=C%12)C%12=C%11)C7=C%13C(C=CC=C%13)=C3)(F)F.FC(C%14=CC(C(F)(F)F)=CC([B-](C%15=CC(C(F)(F)F)=CC(C(F)(F)F)=C%15)(C%16=CC(C(F)(F)F)=CC(C(F)(F)F)=C%16)C%17=CC(C(F)(F)F)=CC(C(F)(F)F)=C%17)=C%14)(F)F,25,C1([Ir+3]23(C4=CC=CC=C4C5=[N]3C=CC=C5)6C7=CC=CC=C7C8=[N]2C=CC=C8)=CC=CC=C1C9=[N]6C=CC=C9.FC(C(C=C1C2=CC=CC=C2)=CC=C1C3=C(N[P+](NC4=CC5=CC=CC=C5C=C4)(NC6=C7C8=CC=CC=C8C=C6C9=CC=C(C(F)(F)F)C=C9C%10=CC=CC=C%10)NC%11=CC=C(C=CC=C%12)C%12=C%11)C7=C%13C(C=CC=C%13)=C3)(F)F.FC(C%14=CC(C(F)(F)F)=CC([B-](C%15=CC(C(F)(F)F)=CC(C(F)(F)F)=C%15)(C%16=CC(C(F)(F)F)=CC(C(F)(F)F)=C%16)C%17=CC(C(F)(F)F)=CC(C(F)(F)F)=C%17)=C%14)(F)F.COC1CCCC1.[H]/C(C1=CC=C(SC)C=C1)=N\S(C)(=O)=O.C[Si](C)(C)CN(C1=CC=CC=C1)C2=CC=CC=C2,298.15,2.305816805198843
13,C1([Ir+3]23(C4=CC=CC=C4C5=[N]3C=CC=C5)6C7=CC=CC=C7C8=[N]2C=CC=C8)=CC=CC=C1C9=[N]6C=CC=C9,[H]/C(C1=CC(C)=CC=C1)=N\S(C)(=O)=O,C[Si](C)(C)CN(C1=CC=CC=C1)C2=CC=CC=C2,0.91,COC1CCCC1,FC(C(C=C1C2=CC=CC=C2)=CC=C1C3=C(N[P+](NC4=CC5=CC=CC=C5C=C4)(NC6=C7C8=CC=CC=C8C=C6C9=CC=C(C(F)(F)F)C=C9C%10=CC=CC=C%10)NC%11=CC=C(C=CC=C%12)C%12=C%11)C7=C%13C(C=CC=C%13)=C3)(F)F.FC(C%14=CC(C(F)(F)F)=CC([B-](C%15=CC(C(F)(F)F)=CC(C(F)(F)F)=C%15)(C%16=CC(C(F)(F)F)=CC(C(F)(F)F)=C%16)C%17=CC(C(F)(F)F)=CC(C(F)(F)F)=C%17)=C%14)(F)F,25,C1([Ir+3]23(C4=CC=CC=C4C5=[N]3C=CC=C5)6C7=CC=CC=C7C8=[N]2C=CC=C8)=CC=CC=C1C9=[N]6C=CC=C9.FC(C(C=C1C2=CC=CC=C2)=CC=C1C3=C(N[P+](NC4=CC5=CC=CC=C5C=C4)(NC6=C7C8=CC=CC=C8C=C6C9=CC=C(C(F)(F)F)C=C9C%10=CC=CC=C%10)NC%11=CC=C(C=CC=C%12)C%12=C%11)C7=C%13C(C=CC=C%13)=C3)(F)F.FC(C%14=CC(C(F)(F)F)=CC([B-](C%15=CC(C(F)(F)F)=CC(C(F)(F)F)=C%15)(C%16=CC(C(F)(F)F)=CC(C(F)(F)F)=C%16)C%17=CC(C(F)(F)F)=CC(C(F)(F)F)=C%17)=C%14)(F)F.COC1CCCC1.[H]/C(C1=CC(C)=CC=C1)=N\S(C)(=O)=O.C[Si](C)(C)CN(C1=CC=CC=C1)C2=CC=CC=C2,298.15,1.8100483683923776
14,C1([Ir+3]23(C4=CC=CC=C4C5=[N]3C=CC=C5)6C7=CC=CC=C7C8=[N]2C=CC=C8)=CC=CC=C1C9=[N]6C=CC=C9,[H]/C(C1=CC(OC)=CC=C1)=N\S(C)(=O)=O,C[Si](C)(C)CN(C1=CC=CC=C1)C2=CC=CC=C2,0.78,COC1CCCC1,FC(C(C=C1C2=CC=CC=C2)=CC=C1C3=C(N[P+](NC4=CC5=CC=CC=C5C=C4)(NC6=C7C8=CC=CC=C8C=C6C9=CC=C(C(F)(F)F)C=C9C%10=CC=CC=C%10)NC%11=CC=C(C=CC=C%12)C%12=C%11)C7=C%13C(C=CC=C%13)=C3)(F)F.FC(C%14=CC(C(F)(F)F)=CC([B-](C%15=CC(C(F)(F)F)=CC(C(F)(F)F)=C%15)(C%16=CC(C(F)(F)F)=CC(C(F)(F)F)=C%16)C%17=CC(C(F)(F)F)=CC(C(F)(F)F)=C%17)=C%14)(F)F,25,C1([Ir+3]23(C4=CC=CC=C4C5=[N]3C=CC=C5)6C7=CC=CC=C7C8=[N]2C=CC=C8)=CC=CC=C1C9=[N]6C=CC=C9.FC(C(C=C1C2=CC=CC=C2)=CC=C1C3=C(N[P+](NC4=CC5=CC=CC=C5C=C4)(NC6=C7C8=CC=CC=C8C=C6C9=CC=C(C(F)(F)F)C=C9C%10=CC=CC=C%10)NC%11=CC=C(C=CC=C%12)C%12=C%11)C7=C%13C(C=CC=C%13)=C3)(F)F.FC(C%14=CC(C(F)(F)F)=CC([B-](C%15=CC(C(F)(F)F)=CC(C(F)(F)F)=C%15)(C%16=CC(C(F)(F)F)=CC(C(F)(F)F)=C%16)C%17=CC(C(F)(F)F)=CC(C(F)(F)F)=C%17)=C%14)(F)F.COC1CCCC1.[H]/C(C1=CC(OC)=CC=C1)=N\S(C)(=O)=O.C[Si](C)(C)CN(C1=CC=CC=C1)C2=CC=CC=C2,298.15,1.2387175119493954
15,C1([Ir+3]23(C4=CC=CC=C4C5=[N]3C=CC=C5)6C7=CC=CC=C7C8=[N]2C=CC=C8)=CC=CC=C1C9=[N]6C=CC=C9,[H]/C(C1=CC=CC=C1C)=N\S(C)(=O)=O,C[Si](C)(C)CN(C1=CC=CC=C1)C2=CC=CC=C2,0.93,COC1CCCC1,FC(C(C=C1C2=CC=CC=C2)=CC=C1C3=C(N[P+](NC4=CC5=CC=CC=C5C=C4)(NC6=C7C8=CC=CC=C8C=C6C9=CC=C(C(F)(F)F)C=C9C%10=CC=CC=C%10)NC%11=CC=C(C=CC=C%12)C%12=C%11)C7=C%13C(C=CC=C%13)=C3)(F)F.FC(C%14=CC(C(F)(F)F)=CC([B-](C%15=CC(C(F)(F)F)=CC(C(F)(F)F)=C%15)(C%16=CC(C(F)(F)F)=CC(C(F)(F)F)=C%16)C%17=CC(C(F)(F)F)=CC(C(F)(F)F)=C%17)=C%14)(F)F,25,C1([Ir+3]23(C4=CC=CC=C4C5=[N]3C=CC=C5)6C7=CC=CC=C7C8=[N]2C=CC=C8)=CC=CC=C1C9=[N]6C=CC=C9.FC(C(C=C1C2=CC=CC=C2)=CC=C1C3=C(N[P+](NC4=CC5=CC=CC=C5C=C4)(NC6=C7C8=CC=CC=C8C=C6C9=CC=C(C(F)(F)F)C=C9C%10=CC=CC=C%10)NC%11=CC=C(C=CC=C%12)C%12=C%11)C7=C%13C(C=CC=C%13)=C3)(F)F.FC(C%14=CC(C(F)(F)F)=CC([B-](C%15=CC(C(F)(F)F)=CC(C(F)(F)F)=C%15)(C%16=CC(C(F)(F)F)=CC(C(F)(F)F)=C%16)C%17=CC(C(F)(F)F)=CC(C(F)(F)F)=C%17)=C%14)(F)F.COC1CCCC1.[H]/C(C1=CC=CC=C1C)=N\S(C)(=O)=O.C[Si](C)(C)CN(C1=CC=CC=C1)C2=CC=CC=C2,298.15,1.965118265801244
16,C1([Ir+3]23(C4=CC=CC=C4C5=[N]3C=CC=C5)6C7=CC=CC=C7C8=[N]2C=CC=C8)=CC=CC=C1C9=[N]6C=CC=C9,[H]/C(C1=CSC=C1)=N\S(C)(=O)=O,C[Si](C)(C)CN(C1=CC=CC=C1)C2=CC=CC=C2,0.96,COC1CCCC1,FC(C(C=C1C2=CC=CC=C2)=CC=C1C3=C(N[P+](NC4=CC5=CC=CC=C5C=C4)(NC6=C7C8=CC=CC=C8C=C6C9=CC=C(C(F)(F)F)C=C9C%10=CC=CC=C%10)NC%11=CC=C(C=CC=C%12)C%12=C%11)C7=C%13C(C=CC=C%13)=C3)(F)F.FC(C%14=CC(C(F)(F)F)=CC([B-](C%15=CC(C(F)(F)F)=CC(C(F)(F)F)=C%15)(C%16=CC(C(F)(F)F)=CC(C(F)(F)F)=C%16)C%17=CC(C(F)(F)F)=CC(C(F)(F)F)=C%17)=C%14)(F)F,25,C1([Ir+3]23(C4=CC=CC=C4C5=[N]3C=CC=C5)6C7=CC=CC=C7C8=[N]2C=CC=C8)=CC=CC=C1C9=[N]6C=CC=C9.FC(C(C=C1C2=CC=CC=C2)=CC=C1C3=C(N[P+](NC4=CC5=CC=CC=C5C=C4)(NC6=C7C8=CC=CC=C8C=C6C9=CC=C(C(F)(F)F)C=C9C%10=CC=CC=C%10)NC%11=CC=C(C=CC=C%12)C%12=C%11)C7=C%13C(C=CC=C%13)=C3)(F)F.FC(C%14=CC(C(F)(F)F)=CC([B-](C%15=CC(C(F)(F)F)=CC(C(F)(F)F)=C%15)(C%16=CC(C(F)(F)F)=CC(C(F)(F)F)=C%16)C%17=CC(C(F)(F)F)=CC(C(F)(F)F)=C%17)=C%14)(F)F.COC1CCCC1.[H]/C(C1=CSC=C1)=N\S(C)(=O)=O.C[Si](C)(C)CN(C1=CC=CC=C1)C2=CC=CC=C2,298.15,2.305816805198843
17,C1([Ir+3]23(C4=CC=CC=C4C5=[N]3C=CC=C5)6C7=CC=CC=C7C8=[N]2C=CC=C8)=CC=CC=C1C9=[N]6C=CC=C9,[H]/C(C(C=C1)=CC2=C1C=CC=C2)=N\S(C)(=O)=O,C[Si](C)(C)CN(C1=CC=CC=C1)C2=CC=CC=C2,0.93,COC1CCCC1,FC(C(C=C1C2=CC=CC=C2)=CC=C1C3=C(N[P+](NC4=CC5=CC=CC=C5C=C4)(NC6=C7C8=CC=CC=C8C=C6C9=CC=C(C(F)(F)F)C=C9C%10=CC=CC=C%10)NC%11=CC=C(C=CC=C%12)C%12=C%11)C7=C%13C(C=CC=C%13)=C3)(F)F.FC(C%14=CC(C(F)(F)F)=CC([B-](C%15=CC(C(F)(F)F)=CC(C(F)(F)F)=C%15)(C%16=CC(C(F)(F)F)=CC(C(F)(F)F)=C%16)C%17=CC(C(F)(F)F)=CC(C(F)(F)F)=C%17)=C%14)(F)F,25,C1([Ir+3]23(C4=CC=CC=C4C5=[N]3C=CC=C5)6C7=CC=CC=C7C8=[N]2C=CC=C8)=CC=CC=C1C9=[N]6C=CC=C9.FC(C(C=C1C2=CC=CC=C2)=CC=C1C3=C(N[P+](NC4=CC5=CC=CC=C5C=C4)(NC6=C7C8=CC=CC=C8C=C6C9=CC=C(C(F)(F)F)C=C9C%10=CC=CC=C%10)NC%11=CC=C(C=CC=C%12)C%12=C%11)C7=C%13C(C=CC=C%13)=C3)(F)F.FC(C%14=CC(C(F)(F)F)=CC([B-](C%15=CC(C(F)(F)F)=CC(C(F)(F)F)=C%15)(C%16=CC(C(F)(F)F)=CC(C(F)(F)F)=C%16)C%17=CC(C(F)(F)F)=CC(C(F)(F)F)=C%17)=C%14)(F)F.COC1CCCC1.[H]/C(C(C=C1)=CC2=C1C=CC=C2)=N\S(C)(=O)=O.C[Si](C)(C)CN(C1=CC=CC=C1)C2=CC=CC=C2,298.15,1.965118265801244
18,C1([Ir+3]23(C4=CC=CC=C4C5=[N]3C=CC=C5)6C7=CC=CC=C7C8=[N]2C=CC=C8)=CC=CC=C1C9=[N]6C=CC=C9,[H]/C(C1=CC=CC=C1)=N\S(C)(=O)=O,C[Si](CN(C1=CC=CC=C1)C2=C3C(C=CC=C3)=CC=C2)(C)C,0.91,COC1CCCC1,FC(C(C=C1C2=CC=CC=C2)=CC=C1C3=C(N[P+](NC4=CC5=CC=CC=C5C=C4)(NC6=C7C8=CC=CC=C8C=C6C9=CC=C(C(F)(F)F)C=C9C%10=CC=CC=C%10)NC%11=CC=C(C=CC=C%12)C%12=C%11)C7=C%13C(C=CC=C%13)=C3)(F)F.FC(C%14=CC(C(F)(F)F)=CC([B-](C%15=CC(C(F)(F)F)=CC(C(F)(F)F)=C%15)(C%16=CC(C(F)(F)F)=CC(C(F)(F)F)=C%16)C%17=CC(C(F)(F)F)=CC(C(F)(F)F)=C%17)=C%14)(F)F,25,C1([Ir+3]23(C4=CC=CC=C4C5=[N]3C=CC=C5)6C7=CC=CC=C7C8=[N]2C=CC=C8)=CC=CC=C1C9=[N]6C=CC=C9.FC(C(C=C1C2=CC=CC=C2)=CC=C1C3=C(N[P+](NC4=CC5=CC=CC=C5C=C4)(NC6=C7C8=CC=CC=C8C=C6C9=CC=C(C(F)(F)F)C=C9C%10=CC=CC=C%10)NC%11=CC=C(C=CC=C%12)C%12=C%11)C7=C%13C(C=CC=C%13)=C3)(F)F.FC(C%14=CC(C(F)(F)F)=CC([B-](C%15=CC(C(F)(F)F)=CC(C(F)(F)F)=C%15)(C%16=CC(C(F)(F)F)=CC(C(F)(F)F)=C%16)C%17=CC(C(F)(F)F)=CC(C(F)(F)F)=C%17)=C%14)(F)F.COC1CCCC1.[H]/C(C1=CC=CC=C1)=N\S(C)(=O)=O.C[Si](CN(C1=CC=CC=C1)C2=C3C(C=CC=C3)=CC=C2)(C)C,298.15,1.8100483683923776
19,C1([Ir+3]23(C4=CC=CC=C4C5=[N]3C=CC=C5)6C7=CC=CC=C7C8=[N]2C=CC=C8)=CC=CC=C1C9=[N]6C=CC=C9,[H]/C(C1=CC=CC=C1)=N\S(C)(=O)=O,C[Si](CN(C1=CC=CC=C1)C2=CC(C)=CC=C2)(C)C,0.87,COC1CCCC1,FC(C(C=C1C2=CC=CC=C2)=CC=C1C3=C(N[P+](NC4=CC5=CC=CC=C5C=C4)(NC6=C7C8=CC=CC=C8C=C6C9=CC=C(C(F)(F)F)C=C9C%10=CC=CC=C%10)NC%11=CC=C(C=CC=C%12)C%12=C%11)C7=C%13C(C=CC=C%13)=C3)(F)F.FC(C%14=CC(C(F)(F)F)=CC([B-](C%15=CC(C(F)(F)F)=CC(C(F)(F)F)=C%15)(C%16=CC(C(F)(F)F)=CC(C(F)(F)F)=C%16)C%17=CC(C(F)(F)F)=CC(C(F)(F)F)=C%17)=C%14)(F)F,25,C1([Ir+3]23(C4=CC=CC=C4C5=[N]3C=CC=C5)6C7=CC=CC=C7C8=[N]2C=CC=C8)=CC=CC=C1C9=[N]6C=CC=C9.FC(C(C=C1C2=CC=CC=C2)=CC=C1C3=C(N[P+](NC4=CC5=CC=CC=C5C=C4)(NC6=C7C8=CC=CC=C8C=C6C9=CC=C(C(F)(F)F)C=C9C%10=CC=CC=C%10)NC%11=CC=C(C=CC=C%12)C%12=C%11)C7=C%13C(C=CC=C%13)=C3)(F)F.FC(C%14=CC(C(F)(F)F)=CC([B-](C%15=CC(C(F)(F)F)=CC(C(F)(F)F)=C%15)(C%16=CC(C(F)(F)F)=CC(C(F)(F)F)=C%16)C%17=CC(C(F)(F)F)=CC(C(F)(F)F)=C%17)=C%14)(F)F.COC1CCCC1.[H]/C(C1=CC=CC=C1)=N\S(C)(=O)=O.C[Si](CN(C1=CC=CC=C1)C2=CC(C)=CC=C2)(C)C,298.15,1.5796399511636048
20,C1([Ir+3]23(C4=CC=CC=C4C5=[N]3C=CC=C5)6C7=CC=CC=C7C8=[N]2C=CC=C8)=CC=CC=C1C9=[N]6C=CC=C9,[H]/C(C1=CC=CC=C1)=N\S(C)(=O)=O,C[Si](CN(C1=CC=C(Cl)C=C1)C2=CC=C(C)C=C2)(C)C,0.81,COC1CCCC1,FC(C(C=C1C2=CC=CC=C2)=CC=C1C3=C(N[P+](NC4=CC5=CC=CC=C5C=C4)(NC6=C7C8=CC=CC=C8C=C6C9=CC=C(C(F)(F)F)C=C9C%10=CC=CC=C%10)NC%11=CC=C(C=CC=C%12)C%12=C%11)C7=C%13C(C=CC=C%13)=C3)(F)F.FC(C%14=CC(C(F)(F)F)=CC([B-](C%15=CC(C(F)(F)F)=CC(C(F)(F)F)=C%15)(C%16=CC(C(F)(F)F)=CC(C(F)(F)F)=C%16)C%17=CC(C(F)(F)F)=CC(C(F)(F)F)=C%17)=C%14)(F)F,25,C1([Ir+3]23(C4=CC=CC=C4C5=[N]3C=CC=C5)6C7=CC=CC=C7C8=[N]2C=CC=C8)=CC=CC=C1C9=[N]6C=CC=C9.FC(C(C=C1C2=CC=CC=C2)=CC=C1C3=C(N[P+](NC4=CC5=CC=CC=C5C=C4)(NC6=C7C8=CC=CC=C8C=C6C9=CC=C(C(F)(F)F)C=C9C%10=CC=CC=C%10)NC%11=CC=C(C=CC=C%12)C%12=C%11)C7=C%13C(C=CC=C%13)=C3)(F)F.FC(C%14=CC(C(F)(F)F)=CC([B-](C%15=CC(C(F)(F)F)=CC(C(F)(F)F)=C%15)(C%16=CC(C(F)(F)F)=CC(C(F)(F)F)=C%16)C%17=CC(C(F)(F)F)=CC(C(F)(F)F)=C%17)=C%14)(F)F.COC1CCCC1.[H]/C(C1=CC=CC=C1)=N\S(C)(=O)=O.C[Si](CN(C1=CC=C(Cl)C=C1)C2=CC=C(C)C=C2)(C)C,298.15,1.3354791686933107
21,C1([Ir+3]23(C4=CC=CC=C4C5=[N]3C=CC=C5)6C7=CC=CC=C7C8=[N]2C=CC=C8)=CC=CC=C1C9=[N]6C=CC=C9,[H]/C(C1=CC=CC=C1)=N\S(C)(=O)=O,C[Si](CN(C1=CC=C(Br)C=C1)C2=CC=C(Br)C=C2)(C)C,0.89,COC1CCCC1,FC(C(C=C1C2=CC=CC=C2)=CC=C1C3=C(N[P+](NC4=CC5=CC=CC=C5C=C4)(NC6=C7C8=CC=CC=C8C=C6C9=CC=C(C(F)(F)F)C=C9C%10=CC=CC=C%10)NC%11=CC=C(C=CC=C%12)C%12=C%11)C7=C%13C(C=CC=C%13)=C3)(F)F.FC(C%14=CC(C(F)(F)F)=CC([B-](C%15=CC(C(F)(F)F)=CC(C(F)(F)F)=C%15)(C%16=CC(C(F)(F)F)=CC(C(F)(F)F)=C%16)C%17=CC(C(F)(F)F)=CC(C(F)(F)F)=C%17)=C%14)(F)F,25,C1([Ir+3]23(C4=CC=CC=C4C5=[N]3C=CC=C5)6C7=CC=CC=C7C8=[N]2C=CC=C8)=CC=CC=C1C9=[N]6C=CC=C9.FC(C(C=C1C2=CC=CC=C2)=CC=C1C3=C(N[P+](NC4=CC5=CC=CC=C5C=C4)(NC6=C7C8=CC=CC=C8C=C6C9=CC=C(C(F)(F)F)C=C9C%10=CC=CC=C%10)NC%11=CC=C(C=CC=C%12)C%12=C%11)C7=C%13C(C=CC=C%13)=C3)(F)F.FC(C%14=CC(C(F)(F)F)=CC([B-](C%15=CC(C(F)(F)F)=CC(C(F)(F)F)=C%15)(C%16=CC(C(F)(F)F)=CC(C(F)(F)F)=C%16)C%17=CC(C(F)(F)F)=CC(C(F)(F)F)=C%17)=C%14)(F)F.COC1CCCC1.[H]/C(C1=CC=CC=C1)=N\S(C)(=O)=O.C[Si](CN(C1=CC=C(Br)C=C1)C2=CC=C(Br)C=C2)(C)C,298.15,1.684918787741431
22,C1([Ir+3]23(C4=CC=CC=C4C5=[N]3C=CC=C5)6C7=CC=CC=C7C8=[N]2C=CC=C8)=CC=CC=C1C9=[N]6C=CC=C9,[H]/C(C1=CC=CC=C1)=N\S(C)(=O)=O,C[Si](CN(C(C)C)C1=CC=CC=C1)(C)C,0.9,COC1CCCC1,FC(C(C=C1C2=CC=CC=C2)=CC=C1C3=C(N[P+](NC4=CC5=CC=CC=C5C=C4)(NC6=C7C8=CC=CC=C8C=C6C9=CC=C(C(F)(F)F)C=C9C%10=CC=CC=C%10)NC%11=CC=C(C=CC=C%12)C%12=C%11)C7=C%13C(C=CC=C%13)=C3)(F)F.FC(C%14=CC(C(F)(F)F)=CC([B-](C%15=CC(C(F)(F)F)=CC(C(F)(F)F)=C%15)(C%16=CC(C(F)(F)F)=CC(C(F)(F)F)=C%16)C%17=CC(C(F)(F)F)=CC(C(F)(F)F)=C%17)=C%14)(F)F,25,C1([Ir+3]23(C4=CC=CC=C4C5=[N]3C=CC=C5)6C7=CC=CC=C7C8=[N]2C=CC=C8)=CC=CC=C1C9=[N]6C=CC=C9.FC(C(C=C1C2=CC=CC=C2)=CC=C1C3=C(N[P+](NC4=CC5=CC=CC=C5C=C4)(NC6=C7C8=CC=CC=C8C=C6C9=CC=C(C(F)(F)F)C=C9C%10=CC=CC=C%10)NC%11=CC=C(C=CC=C%12)C%12=C%11)C7=C%13C(C=CC=C%13)=C3)(F)F.FC(C%14=CC(C(F)(F)F)=CC([B-](C%15=CC(C(F)(F)F)=CC(C(F)(F)F)=C%15)(C%16=CC(C(F)(F)F)=CC(C(F)(F)F)=C%16)C%17=CC(C(F)(F)F)=CC(C(F)(F)F)=C%17)=C%14)(F)F.COC1CCCC1.[H]/C(C1=CC=CC=C1)=N\S(C)(=O)=O.C[Si](CN(C(C)C)C1=CC=CC=C1)(C)C,298.15,1.7445144842223432
23,C1([Ir+3]23(C4=CC=CC=C4C5=[N]3C=CC=C5)6C7=CC=CC=C7C8=[N]2C=CC=C8)=CC=CC=C1C9=[N]6C=CC=C9,[H]/C(C1=CC=C(C)C=C1)=N\S(C)(=O)=O,C[Si](CN(C(C)C)C1=CC=CC=C1)(C)C,0.97,COC1CCCC1,FC(C(C=C1C2=CC=CC=C2)=CC=C1C3=C(N[P+](NC4=CC5=CC=CC=C5C=C4)(NC6=C7C8=CC=CC=C8C=C6C9=CC=C(C(F)(F)F)C=C9C%10=CC=CC=C%10)NC%11=CC=C(C=CC=C%12)C%12=C%11)C7=C%13C(C=CC=C%13)=C3)(F)F.FC(C%14=CC(C(F)(F)F)=CC([B-](C%15=CC(C(F)(F)F)=CC(C(F)(F)F)=C%15)(C%16=CC(C(F)(F)F)=CC(C(F)(F)F)=C%16)C%17=CC(C(F)(F)F)=CC(C(F)(F)F)=C%17)=C%14)(F)F,25,C1([Ir+3]23(C4=CC=CC=C4C5=[N]3C=CC=C5)6C7=CC=CC=C7C8=[N]2C=CC=C8)=CC=CC=C1C9=[N]6C=CC=C9.FC(C(C=C1C2=CC=CC=C2)=CC=C1C3=C(N[P+](NC4=CC5=CC=CC=C5C=C4)(NC6=C7C8=CC=CC=C8C=C6C9=CC=C(C(F)(F)F)C=C9C%10=CC=CC=C%10)NC%11=CC=C(C=CC=C%12)C%12=C%11)C7=C%13C(C=CC=C%13)=C3)(F)F.FC(C%14=CC(C(F)(F)F)=CC([B-](C%15=CC(C(F)(F)F)=CC(C(F)(F)F)=C%15)(C%16=CC(C(F)(F)F)=CC(C(F)(F)F)=C%16)C%17=CC(C(F)(F)F)=CC(C(F)(F)F)=C%17)=C%14)(F)F.COC1CCCC1.[H]/C(C1=CC=C(C)C=C1)=N\S(C)(=O)=O.C[Si](CN(C(C)C)C1=CC=CC=C1)(C)C,298.15,2.479277182990343
24,C1([Ir+3]23(C4=CC=CC=C4C5=[N]3C=CC=C5)6C7=CC=CC=C7C8=[N]2C=CC=C8)=CC=CC=C1C9=[N]6C=CC=C9,[H]/C(C1=CC=C(C)C=C1)=N\S(C)(=O)=O,C[Si](C)(C)CN(C1=CC=CC=C1)CCCCCC,0.91,COC1CCCC1,FC(C(C=C1C2=CC=CC=C2)=CC=C1C3=C(N[P+](NC4=CC5=CC=CC=C5C=C4)(NC6=C7C8=CC=CC=C8C=C6C9=CC=C(C(F)(F)F)C=C9C%10=CC=CC=C%10)NC%11=CC=C(C=CC=C%12)C%12=C%11)C7=C%13C(C=CC=C%13)=C3)(F)F.FC(C%14=CC(C(F)(F)F)=CC([B-](C%15=CC(C(F)(F)F)=CC(C(F)(F)F)=C%15)(C%16=CC(C(F)(F)F)=CC(C(F)(F)F)=C%16)C%17=CC(C(F)(F)F)=CC(C(F)(F)F)=C%17)=C%14)(F)F,25,C1([Ir+3]23(C4=CC=CC=C4C5=[N]3C=CC=C5)6C7=CC=CC=C7C8=[N]2C=CC=C8)=CC=CC=C1C9=[N]6C=CC=C9.FC(C(C=C1C2=CC=CC=C2)=CC=C1C3=C(N[P+](NC4=CC5=CC=CC=C5C=C4)(NC6=C7C8=CC=CC=C8C=C6C9=CC=C(C(F)(F)F)C=C9C%10=CC=CC=C%10)NC%11=CC=C(C=CC=C%12)C%12=C%11)C7=C%13C(C=CC=C%13)=C3)(F)F.FC(C%14=CC(C(F)(F)F)=CC([B-](C%15=CC(C(F)(F)F)=CC(C(F)(F)F)=C%15)(C%16=CC(C(F)(F)F)=CC(C(F)(F)F)=C%16)C%17=CC(C(F)(F)F)=CC(C(F)(F)F)=C%17)=C%14)(F)F.COC1CCCC1.[H]/C(C1=CC=C(C)C=C1)=N\S(C)(=O)=O.C[Si](C)(C)CN(C1=CC=CC=C1)CCCCCC,298.15,1.8100483683923776
25,NC1CCCCC1[H],O=C1C=C(C)CCC1,C1(OCO2)=C2C=CC=C1,0,CC#N,O=C(O)C(F)(F)F.CCCC[N+](CCCC)(CCCC)CCCC.F[B-](F)(F)F,35,NC1CCCCC1[H].O=C(O)C(F)(F)F.CCCC[N+](CCCC)(CCCC)CCCC.F[B-](F)(F)F.CC#N.O=C1C=C(C)CCC1.C1(OCO2)=C2C=CC=C1,308.15,0
26,N[C@H]1CCCC[C@@H]1N2C3=C(C4=C2C=CC=C4)C=CC=C3,O=C1C=C(C)CCC1,C1(OCO2)=C2C=CC=C1,0.82,CC#N,O=C(O)C1=CC=CC=C1.CCCC[N+](CCCC)(CCCC)CCCC.F[B-](F)(F)F,35,N[C@H]1CCCC[C@@H]1N2C3=C(C4=C2C=CC=C4)C=CC=C3.O=C(O)C1=CC=CC=C1.CCCC[N+](CCCC)(CCCC)CCCC.F[B-](F)(F)F.CC#N.O=C1C=C(C)CCC1.C1(OCO2)=C2C=CC=C1,308.15,1.416753231398088
27,CC(C)(C)C1=CC2=C(C=C1)N(C3=C2C=C(C=C3)C(C)(C)C)[C@@H]4[C@@H](N)CCCC4,O=C1C=C(C)CCC1,C1(OCO2)=C2C=CC=C1,0.84,CC#N,O=C(O)C1=CC=CC=C1.CCCC[N+](CCCC)(CCCC)CCCC.F[B-](F)(F)F,35,CC(C)(C)C1=CC2=C(C=C1)N(C3=C2C=C(C=C3)C(C)(C)C)[C@@H]4[C@@H](N)CCCC4.O=C(O)C1=CC=CC=C1.CCCC[N+](CCCC)(CCCC)CCCC.F[B-](F)(F)F.CC#N.O=C1C=C(C)CCC1.C1(OCO2)=C2C=CC=C1,308.15,1.4955700274547137
28,NC1CCCCC1[H],O=C1C=C(C)CCC1,C1(OCO2)=C2C=CC=C1,0,CC#N,O=C(O)C(F)(F)F.CCCC[N+](CCCC)(CCCC)CCCC.F[B-](F)(F)F.CC(C1=CC2=C(N(C3CCCCC3)C4=C2C=C(C(C)(C)C)C=C4)C=C1)(C)C,35,NC1CCCCC1[H].O=C(O)C(F)(F)F.CCCC[N+](CCCC)(CCCC)CCCC.F[B-](F)(F)F.CC(C1=CC2=C(N(C3CCCCC3)C4=C2C=C(C(C)(C)C)C=C4)C=C1)(C)C.CC#N.O=C1C=C(C)CCC1.C1(OCO2)=C2C=CC=C1,308.15,0
29,N[C@H]1CCCC[C@@H]1N2C3=C(C4=C2C=CC(C(F)(F)F)=C4)C=C(C(F)(F)F)C=C3,O=C1C=C(C)CCC1,C1(OCO2)=C2C=CC=C1,0.77,CC#N,O=C(O)C1=CC=CC=C1.CCCC[N+](CCCC)(CCCC)CCCC.F[B-](F)(F)F,35,N[C@H]1CCCC[C@@H]1N2C3=C(C4=C2C=CC(C(F)(F)F)=C4)C=C(C(F)(F)F)C=C3.O=C(O)C1=CC=CC=C1.CCCC[N+](CCCC)(CCCC)CCCC.F[B-](F)(F)F.CC#N.O=C1C=C(C)CCC1.C1(OCO2)=C2C=CC=C1,308.15,1.249594419980755
30,N[C@H]1CCCC[C@@H]1N2C3=C(C=C(C4=C(C(C)C)C=C(C(C)C)C=C4C(C)C)C=C3)C5=C2C=CC(C6=C(C(C)C)C=C(C(C)C)C=C6C(C)C)=C5,O=C1C=C(C)CCC1,C1(OCO2)=C2C=CC=C1,0.93,CC#N,O=C(O)C1=CC=CC=C1.CCCC[N+](CCCC)(CCCC)CCCC.F[B-](F)(F)F,35,N[C@H]1CCCC[C@@H]1N2C3=C(C=C(C4=C(C(C)C)C=C(C(C)C)C=C4C(C)C)C=C3)C5=C2C=CC(C6=C(C(C)C)C=C(C(C)C)C=C6C(C)C)=C5.O=C(O)C1=CC=CC=C1.CCCC[N+](CCCC)(CCCC)CCCC.F[B-](F)(F)F.CC#N.O=C1C=C(C)CCC1.C1(OCO2)=C2C=CC=C1,308.15,2.031028655397127
31,N[C@H]1CCCC[C@@H]1N2C3=C(C=C(C4=C(C(C)C)C=C(C(C)C)C=C4C(C)C)C=C3)C5=C2C=CC(C6=C(C(C)C)C=C(C(C)C)C=C6C(C)C)=C5,O=C1C=C(C)CCC1,CC1OC2=C(C=CC=C2)O1,0.97,CC#N,O=C(O)C1=CC=CC=C1.CCCC[N+](CCCC)(CCCC)CCCC.F[B-](F)(F)F,35,N[C@H]1CCCC[C@@H]1N2C3=C(C=C(C4=C(C(C)C)C=C(C(C)C)C=C4C(C)C)C=C3)C5=C2C=CC(C6=C(C(C)C)C=C(C(C)C)C=C6C(C)C)=C5.O=C(O)C1=CC=CC=C1.CCCC[N+](CCCC)(CCCC)CCCC.F[B-](F)(F)F.CC#N.O=C1C=C(C)CCC1.CC1OC2=C(C=CC=C2)O1,308.15,2.562432547169124
32,N[C@H]1CCCC[C@@H]1N2C3=C(C=C(C4=C(C(C)C)C=C(C(C)C)C=C4C(C)C)C=C3)C5=C2C=CC(C6=C(C(C)C)C=C(C(C)C)C=C6C(C)C)=C5,O=C1CCCC(CC)=C1,CC1OC2=C(C=CC=C2)O1,0.96,CC#N,O=C(O)C1=CC=CC=C1.CCCC[N+](CCCC)(CCCC)CCCC.F[B-](F)(F)F,35,N[C@H]1CCCC[C@@H]1N2C3=C(C=C(C4=C(C(C)C)C=C(C(C)C)C=C4C(C)C)C=C3)C5=C2C=CC(C6=C(C(C)C)C=C(C(C)C)C=C6C(C)C)=C5.O=C(O)C1=CC=CC=C1.CCCC[N+](CCCC)(CCCC)CCCC.F[B-](F)(F)F.CC#N.O=C1CCCC(CC)=C1.CC1OC2=C(C=CC=C2)O1,308.15,2.383154279798837
33,N[C@H]1CCCC[C@@H]1N2C3=C(C=C(C4=C(C(C)C)C=C(C(C)C)C=C4C(C)C)C=C3)C5=C2C=CC(C6=C(C(C)C)C=C(C(C)C)C=C6C(C)C)=C5,O=C1CCCC(CCCO[Si](C)(C)C(C)(C)C)=C1,CC1OC2=C(C=CC=C2)O1,0.85,CC#N,O=C(O)C1=CC=CC=C1.CCCC[N+](CCCC)(CCCC)CCCC.F[B-](F)(F)F,35,N[C@H]1CCCC[C@@H]1N2C3=C(C=C(C4=C(C(C)C)C=C(C(C)C)C=C4C(C)C)C=C3)C5=C2C=CC(C6=C(C(C)C)C=C(C(C)C)C=C6C(C)C)=C5.O=C(O)C1=CC=CC=C1.CCCC[N+](CCCC)(CCCC)CCCC.F[B-](F)(F)F.CC#N.O=C1CCCC(CCCO[Si](C)(C)C(C)(C)C)=C1.CC1OC2=C(C=CC=C2)O1,308.15,1.5384091353981575
34,N[C@H]1CCCC[C@@H]1N2C3=C(C=C(C4=C(C(C)C)C=C(C(C)C)C=C4C(C)C)C=C3)C5=C2C=CC(C6=C(C(C)C)C=C(C(C)C)C=C6C(C)C)=C5,O=C1C=C(C)CC1,CC1OC2=C(C=CC=C2)O1,0.88,CC#N,O=C(O)C1=CC=CC=C1.CCCC[N+](CCCC)(CCCC)CCCC.F[B-](F)(F)F,35,N[C@H]1CCCC[C@@H]1N2C3=C(C=C(C4=C(C(C)C)C=C(C(C)C)C=C4C(C)C)C=C3)C5=C2C=CC(C6=C(C(C)C)C=C(C(C)C)C=C6C(C)C)=C5.O=C(O)C1=CC=CC=C1.CCCC[N+](CCCC)(CCCC)CCCC.F[B-](F)(F)F.CC#N.O=C1C=C(C)CC1.CC1OC2=C(C=CC=C2)O1,308.15,1.6849013199496812
35,N[C@H]1CCCC[C@@H]1N2C3=C(C=C(C4=C(C(C)C)C=C(C(C)C)C=C4C(C)C)C=C3)C5=C2C=CC(C6=C(C(C)C)C=C(C(C)C)C=C6C(C)C)=C5,O=C1C=C(C)CCCC1,CC1OC2=C(C=CC=C2)O1,0.94,CC#N,O=C(O)C1=CC=CC=C1.CCCC[N+](CCCC)(CCCC)CCCC.F[B-](F)(F)F,35,N[C@H]1CCCC[C@@H]1N2C3=C(C=C(C4=C(C(C)C)C=C(C(C)C)C=C4C(C)C)C=C3)C5=C2C=CC(C6=C(C(C)C)C=C(C(C)C)C=C6C(C)C)=C5.O=C(O)C1=CC=CC=C1.CCCC[N+](CCCC)(CCCC)CCCC.F[B-](F)(F)F.CC#N.O=C1C=C(C)CCCC1.CC1OC2=C(C=CC=C2)O1,308.15,2.1285873537649618
36,N[C@H]1CCCC[C@@H]1N2C3=C(C=C(C4=C(C(C)C)C=C(C(C)C)C=C4C(C)C)C=C3)C5=C2C=CC(C6=C(C(C)C)C=C(C(C)C)C=C6C(C)C)=C5,O=C1/C=C(C)\CCCCC1,CC1OC2=C(C=CC=C2)O1,0.91,CC#N,O=C(O)C1=CC=CC=C1.CCCC[N+](CCCC)(CCCC)CCCC.F[B-](F)(F)F,35,N[C@H]1CCCC[C@@H]1N2C3=C(C=C(C4=C(C(C)C)C=C(C(C)C)C=C4C(C)C)C=C3)C5=C2C=CC(C6=C(C(C)C)C=C(C(C)C)C=C6C(C)C)=C5.O=C(O)C1=CC=CC=C1.CCCC[N+](CCCC)(CCCC)CCCC.F[B-](F)(F)F.CC#N.O=C1/C=C(C)\CCCCC1.CC1OC2=C(C=CC=C2)O1,308.15,1.870757688143925
37,N[C@H]1CCCC[C@@H]1N2C3=C(C=C(C4=C(C(C)C)C=C(C(C)C)C=C4C(C)C)C=C3)C5=C2C=CC(C6=C(C(C)C)C=C(C(C)C)C=C6C(C)C)=C5,O=C1C=C(C)CCC1,CC1OC2=C(O1)C=C(Br)C(Br)=C2,0.91,CC#N,O=C(O)C1=CC=CC=C1.CCCC[N+](CCCC)(CCCC)CCCC.F[B-](F)(F)F,35,N[C@H]1CCCC[C@@H]1N2C3=C(C=C(C4=C(C(C)C)C=C(C(C)C)C=C4C(C)C)C=C3)C5=C2C=CC(C6=C(C(C)C)C=C(C(C)C)C=C6C(C)C)=C5.O=C(O)C1=CC=CC=C1.CCCC[N+](CCCC)(CCCC)CCCC.F[B-](F)(F)F.CC#N.O=C1C=C(C)CCC1.CC1OC2=C(O1)C=C(Br)C(Br)=C2,308.15,1.870757688143925
38,N[C@H]1CCCC[C@@H]1N2C3=C(C=C(C4=C(C(C)C)C=C(C(C)C)C=C4C(C)C)C=C3)C5=C2C=CC(C6=C(C(C)C)C=C(C(C)C)C=C6C(C)C)=C5,O=C1C=C(C)CCC1,CC1OC2=C(C=CC(Br)=C2)O1,0.98,CC#N,O=C(O)C1=CC=CC=C1.CCCC[N+](CCCC)(CCCC)CCCC.F[B-](F)(F)F,35,N[C@H]1CCCC[C@@H]1N2C3=C(C=C(C4=C(C(C)C)C=C(C(C)C)C=C4C(C)C)C=C3)C5=C2C=CC(C6=C(C(C)C)C=C(C(C)C)C=C6C(C)C)=C5.O=C(O)C1=CC=CC=C1.CCCC[N+](CCCC)(CCCC)CCCC.F[B-](F)(F)F.CC#N.O=C1C=C(C)CCC1.CC1OC2=C(C=CC(Br)=C2)O1,308.15,2.8138194207870275
39,N[C@H]1CCCC[C@@H]1N2C3=C(C=C(C4=C(C(C)C)C=C(C(C)C)C=C4C(C)C)C=C3)C5=C2C=CC(C6=C(C(C)C)C=C(C(C)C)C=C6C(C)C)=C5,O=C1C=C(C)CCC1,CC1OC2=C(C=CC(Cl)=C2)O1,0.98,CC#N,O=C(O)C1=CC=CC=C1.CCCC[N+](CCCC)(CCCC)CCCC.F[B-](F)(F)F,35,N[C@H]1CCCC[C@@H]1N2C3=C(C=C(C4=C(C(C)C)C=C(C(C)C)C=C4C(C)C)C=C3)C5=C2C=CC(C6=C(C(C)C)C=C(C(C)C)C=C6C(C)C)=C5.O=C(O)C1=CC=CC=C1.CCCC[N+](CCCC)(CCCC)CCCC.F[B-](F)(F)F.CC#N.O=C1C=C(C)CCC1.CC1OC2=C(C=CC(Cl)=C2)O1,308.15,2.8138194207870275
40,N[C@@H]1CCCC[C@H]1N2C3=C(C4=C2C=CC(C5=C(C=C(C=C5C(C)C)C(C)C)C(C)C)=C4)C=C(C=C3)C6=C(C=C(C=C6C(C)C)C(C)C)C(C)C,O=C1C=C(C)CCC1,CN(C)C1=CC=CC=C1,0.88,CC1=CC=CC=C1,O=C(O)C1=CC=CC=C1.FC1=C2C([Ir]34([N]5=CC=C(C(C)(C)C)C=C5C6=[N]3C=CC(C(C)(C)C)=C6)([N]7=CC(C(F)(F)F)=CC=C7C8=C(F)C=C(F)C=C84)[N]9=CC(C(F)(F)F)=CC=C92)=CC(F)=C1.F[P-](F)(F)(F)(F)F,15,N[C@@H]1CCCC[C@H]1N2C3=C(C4=C2C=CC(C5=C(C=C(C=C5C(C)C)C(C)C)C(C)C)=C4)C=C(C=C3)C6=C(C=C(C=C6C(C)C)C(C)C)C(C)C.O=C(O)C1=CC=CC=C1.FC1=C2C([Ir]34([N]5=CC=C(C(C)(C)C)C=C5C6=[N]3C=CC(C(C)(C)C)=C6)([N]7=CC(C(F)(F)F)=CC=C7C8=C(F)C=C(F)C=C84)[N]9=CC(C(F)(F)F)=CC=C92)=CC(F)=C1.F[P-](F)(F)(F)(F)F.CC1=CC=CC=C1.O=C1C=C(C)CCC1.CN(C)C1=CC=CC=C1,288.15,1.5755454010822671
41,N[C@@H]1CCCC[C@H]1N2C3=C(C4=C2C=CC(C5=C(C=C(C=C5C(C)C)C(C)C)C(C)C)=C4)C=C(C=C3)C6=C(C=C(C=C6C(C)C)C(C)C)C(C)C,O=C1CCCC(CC)=C1,CN(C)C1=CC=CC=C1,0.84,CC1=CC=CC=C1,O=C(O)C1=CC=CC=C1.FC1=C2C([Ir]34([N]5=CC=C(C(C)(C)C)C=C5C6=[N]3C=CC(C(C)(C)C)=C6)([N]7=CC(C(F)(F)F)=CC=C7C8=C(F)C=C(F)C=C84)[N]9=CC(C(F)(F)F)=CC=C92)=CC(F)=C1.F[P-](F)(F)(F)(F)F,15,N[C@@H]1CCCC[C@H]1N2C3=C(C4=C2C=CC(C5=C(C=C(C=C5C(C)C)C(C)C)C(C)C)=C4)C=C(C=C3)C6=C(C=C(C=C6C(C)C)C(C)C)C(C)C.O=C(O)C1=CC=CC=C1.FC1=C2C([Ir]34([N]5=CC=C(C(C)(C)C)C=C5C6=[N]3C=CC(C(C)(C)C)=C6)([N]7=CC(C(F)(F)F)=CC=C7C8=C(F)C=C(F)C=C84)[N]9=CC(C(F)(F)F)=CC=C92)=CC(F)=C1.F[P-](F)(F)(F)(F)F.CC1=CC=CC=C1.O=C1CCCC(CC)=C1.CN(C)C1=CC=CC=C1,288.15,1.3985023638198144
42,N[C@@H]1CCCC[C@H]1N2C3=C(C4=C2C=CC(C5=C(C=C(C=C5C(C)C)C(C)C)C(C)C)=C4)C=C(C=C3)C6=C(C=C(C=C6C(C)C)C(C)C)C(C)C,O=C1C=C(C)CC1,CN(C)C1=CC=CC=C1,0.64,CC1=CC=CC=C1,O=C(O)C1=CC=CC=C1.FC1=C2C([Ir]34([N]5=CC=C(C(C)(C)C)C=C5C6=[N]3C=CC(C(C)(C)C)=C6)([N]7=CC(C(F)(F)F)=CC=C7C8=C(F)C=C(F)C=C84)[N]9=CC(C(F)(F)F)=CC=C92)=CC(F)=C1.F[P-](F)(F)(F)(F)F,15,N[C@@H]1CCCC[C@H]1N2C3=C(C4=C2C=CC(C5=C(C=C(C=C5C(C)C)C(C)C)C(C)C)=C4)C=C(C=C3)C6=C(C=C(C=C6C(C)C)C(C)C)C(C)C.O=C(O)C1=CC=CC=C1.FC1=C2C([Ir]34([N]5=CC=C(C(C)(C)C)C=C5C6=[N]3C=CC(C(C)(C)C)=C6)([N]7=CC(C(F)(F)F)=CC=C7C8=C(F)C=C(F)C=C84)[N]9=CC(C(F)(F)F)=CC=C92)=CC(F)=C1.F[P-](F)(F)(F)(F)F.CC1=CC=CC=C1.O=C1C=C(C)CC1.CN(C)C1=CC=CC=C1,288.15,0.8682695446402621
43,N[C@@H]1CCCC[C@H]1N2C3=C(C4=C2C=CC(C5=C(C=C(C=C5C(C)C)C(C)C)C(C)C)=C4)C=C(C=C3)C6=C(C=C(C=C6C(C)C)C(C)C)C(C)C,O=C1C=C(C)CCCC1,CN(C)C1=CC=CC=C1,0.88,CC1=CC=CC=C1,O=C(O)C1=CC=CC=C1.FC1=C2C([Ir]34([N]5=CC=C(C(C)(C)C)C=C5C6=[N]3C=CC(C(C)(C)C)=C6)([N]7=CC(C(F)(F)F)=CC=C7C8=C(F)C=C(F)C=C84)[N]9=CC(C(F)(F)F)=CC=C92)=CC(F)=C1.F[P-](F)(F)(F)(F)F,15,N[C@@H]1CCCC[C@H]1N2C3=C(C4=C2C=CC(C5=C(C=C(C=C5C(C)C)C(C)C)C(C)C)=C4)C=C(C=C3)C6=C(C=C(C=C6C(C)C)C(C)C)C(C)C.O=C(O)C1=CC=CC=C1.FC1=C2C([Ir]34([N]5=CC=C(C(C)(C)C)C=C5C6=[N]3C=CC(C(C)(C)C)=C6)([N]7=CC(C(F)(F)F)=CC=C7C8=C(F)C=C(F)C=C84)[N]9=CC(C(F)(F)F)=CC=C92)=CC(F)=C1.F[P-](F)(F)(F)(F)F.CC1=CC=CC=C1.O=C1C=C(C)CCCC1.CN(C)C1=CC=CC=C1,288.15,1.5755454010822671
44,N[C@@H]1CCCC[C@H]1N2C3=C(C4=C2C=CC(C5=C(C=C(C=C5C(C)C)C(C)C)C(C)C)=C4)C=C(C=C3)C6=C(C=C(C=C6C(C)C)C(C)C)C(C)C,O=C1/C=C(C)\CCCCC1,CN(C)C1=CC=CC=C1,0.9,CC1=CC=CC=C1,O=C(O)C1=CC=CC=C1.FC1=C2C([Ir]34([N]5=CC=C(C(C)(C)C)C=C5C6=[N]3C=CC(C(C)(C)C)=C6)([N]7=CC(C(F)(F)F)=CC=C7C8=C(F)C=C(F)C=C84)[N]9=CC(C(F)(F)F)=CC=C92)=CC(F)=C1.F[P-](F)(F)(F)(F)F,15,N[C@@H]1CCCC[C@H]1N2C3=C(C4=C2C=CC(C5=C(C=C(C=C5C(C)C)C(C)C)C(C)C)=C4)C=C(C=C3)C6=C(C=C(C=C6C(C)C)C(C)C)C(C)C.O=C(O)C1=CC=CC=C1.FC1=C2C([Ir]34([N]5=CC=C(C(C)(C)C)C=C5C6=[N]3C=CC(C(C)(C)C)=C6)([N]7=CC(C(F)(F)F)=CC=C7C8=C(F)C=C(F)C=C84)[N]9=CC(C(F)(F)F)=CC=C92)=CC(F)=C1.F[P-](F)(F)(F)(F)F.CC1=CC=CC=C1.O=C1/C=C(C)\CCCCC1.CN(C)C1=CC=CC=C1,288.15,1.6860031817161436
45,N[C@@H]1CCCC[C@H]1N2C3=C(C4=C2C=CC(C5=C(C=C(C=C5C(C)C)C(C)C)C(C)C)=C4)C=C(C=C3)C6=C(C=C(C=C6C(C)C)C(C)C)C(C)C,O=C1C=C(C)CCC1,CN(C)C1=CC=C(C)C=C1,0.82,CC1=CC=CC=C1,O=C(O)C1=CC=CC=C1.FC1=C2C([Ir]34([N]5=CC=C(C(C)(C)C)C=C5C6=[N]3C=CC(C(C)(C)C)=C6)([N]7=CC(C(F)(F)F)=CC=C7C8=C(F)C=C(F)C=C84)[N]9=CC(C(F)(F)F)=CC=C92)=CC(F)=C1.F[P-](F)(F)(F)(F)F,15,N[C@@H]1CCCC[C@H]1N2C3=C(C4=C2C=CC(C5=C(C=C(C=C5C(C)C)C(C)C)C(C)C)=C4)C=C(C=C3)C6=C(C=C(C=C6C(C)C)C(C)C)C(C)C.O=C(O)C1=CC=CC=C1.FC1=C2C([Ir]34([N]5=CC=C(C(C)(C)C)C=C5C6=[N]3C=CC(C(C)(C)C)=C6)([N]7=CC(C(F)(F)F)=CC=C7C8=C(F)C=C(F)C=C84)[N]9=CC(C(F)(F)F)=CC=C92)=CC(F)=C1.F[P-](F)(F)(F)(F)F.CC1=CC=CC=C1.O=C1C=C(C)CCC1.CN(C)C1=CC=C(C)C=C1,288.15,1.3248010502267047
46,N[C@@H]1CCCC[C@H]1N2C3=C(C4=C2C=CC(C5=C(C=C(C=C5C(C)C)C(C)C)C(C)C)=C4)C=C(C=C3)C6=C(C=C(C=C6C(C)C)C(C)C)C(C)C,O=C1C=C(C)CCC1,CN(C1=CC=C(C=C1)Br)C,0.8,CC1=CC=CC=C1,O=C(O)C1=CC=CC=C1.FC1=C2C([Ir]34([N]5=CC=C(C(C)(C)C)C=C5C6=[N]3C=CC(C(C)(C)C)=C6)([N]7=CC(C(F)(F)F)=CC=C7C8=C(F)C=C(F)C=C84)[N]9=CC(C(F)(F)F)=CC=C92)=CC(F)=C1.F[P-](F)(F)(F)(F)F,15,N[C@@H]1CCCC[C@H]1N2C3=C(C4=C2C=CC(C5=C(C=C(C=C5C(C)C)C(C)C)C(C)C)=C4)C=C(C=C3)C6=C(C=C(C=C6C(C)C)C(C)C)C(C)C.O=C(O)C1=CC=CC=C1.FC1=C2C([Ir]34([N]5=CC=C(C(C)(C)C)C=C5C6=[N]3C=CC(C(C)(C)C)=C6)([N]7=CC(C(F)(F)F)=CC=C7C8=C(F)C=C(F)C=C84)[N]9=CC(C(F)(F)F)=CC=C92)=CC(F)=C1.F[P-](F)(F)(F)(F)F.CC1=CC=CC=C1.O=C1C=C(C)CCC1.CN(C1=CC=C(C=C1)Br)C,288.15,1.258143793960543
47,N[C@@H]1CCCC[C@H]1N2C3=C(C4=C2C=CC(C5=C(C=C(C=C5C(C)C)C(C)C)C(C)C)=C4)C=C(C=C3)C6=C(C=C(C=C6C(C)C)C(C)C)C(C)C,O=C1C=C(C)CCC1,CN(C1=CC=CC=C1)C2=CC=CC=C2,0.87,CC1=CC=CC=C1,O=C(O)C1=CC=CC=C1.FC1=C2C([Ir]34([N]5=CC=C(C(C)(C)C)C=C5C6=[N]3C=CC(C(C)(C)C)=C6)([N]7=CC(C(F)(F)F)=CC=C7C8=C(F)C=C(F)C=C84)[N]9=CC(C(F)(F)F)=CC=C92)=CC(F)=C1.F[P-](F)(F)(F)(F)F,15,N[C@@H]1CCCC[C@H]1N2C3=C(C4=C2C=CC(C5=C(C=C(C=C5C(C)C)C(C)C)C(C)C)=C4)C=C(C=C3)C6=C(C=C(C=C6C(C)C)C(C)C)C(C)C.O=C(O)C1=CC=CC=C1.FC1=C2C([Ir]34([N]5=CC=C(C(C)(C)C)C=C5C6=[N]3C=CC(C(C)(C)C)=C6)([N]7=CC(C(F)(F)F)=CC=C7C8=C(F)C=C(F)C=C84)[N]9=CC(C(F)(F)F)=CC=C92)=CC(F)=C1.F[P-](F)(F)(F)(F)F.CC1=CC=CC=C1.O=C1C=C(C)CCC1.CN(C1=CC=CC=C1)C2=CC=CC=C2,288.15,1.526658567592798
48,N[C@@H]1CCCC[C@H]1N2C3=C(C4=C2C=CC(C5=C(C=C(C=C5C(C)C)C(C)C)C(C)C)=C4)C=C(C=C3)C6=C(C=C(C=C6C(C)C)C(C)C)C(C)C,O=C1C=C(C)CCC1,CN(C1=CC=C(Br)C=C1)C2=CC=C(Br)C=C2,0.8,CC1=CC=CC=C1,O=C(O)C1=CC=CC=C1.FC1=C2C([Ir]34([N]5=CC=C(C(C)(C)C)C=C5C6=[N]3C=CC(C(C)(C)C)=C6)([N]7=CC(C(F)(F)F)=CC=C7C8=C(F)C=C(F)C=C84)[N]9=CC(C(F)(F)F)=CC=C92)=CC(F)=C1.F[P-](F)(F)(F)(F)F,15,N[C@@H]1CCCC[C@H]1N2C3=C(C4=C2C=CC(C5=C(C=C(C=C5C(C)C)C(C)C)C(C)C)=C4)C=C(C=C3)C6=C(C=C(C=C6C(C)C)C(C)C)C(C)C.O=C(O)C1=CC=CC=C1.FC1=C2C([Ir]34([N]5=CC=C(C(C)(C)C)C=C5C6=[N]3C=CC(C(C)(C)C)=C6)([N]7=CC(C(F)(F)F)=CC=C7C8=C(F)C=C(F)C=C84)[N]9=CC(C(F)(F)F)=CC=C92)=CC(F)=C1.F[P-](F)(F)(F)(F)F.CC1=CC=CC=C1.O=C1C=C(C)CCC1.CN(C1=CC=C(Br)C=C1)C2=CC=C(Br)C=C2,288.15,1.258143793960543
49,N[C@@H]1CCCC[C@H]1N2C3=C(C4=C2C=CC(C5=C(C=C(C=C5C(C)C)C(C)C)C(C)C)=C4)C=C(C=C3)C6=C(C=C(C=C6C(C)C)C(C)C)C(C)C,O=C1C=C(C)CCC1,CN(C1=CC=CC=C1C)C2=CC=CC=C2,0.88,CC1=CC=CC=C1,O=C(O)C1=CC=CC=C1.FC1=C2C([Ir]34([N]5=CC=C(C(C)(C)C)C=C5C6=[N]3C=CC(C(C)(C)C)=C6)([N]7=CC(C(F)(F)F)=CC=C7C8=C(F)C=C(F)C=C84)[N]9=CC(C(F)(F)F)=CC=C92)=CC(F)=C1.F[P-](F)(F)(F)(F)F,15,N[C@@H]1CCCC[C@H]1N2C3=C(C4=C2C=CC(C5=C(C=C(C=C5C(C)C)C(C)C)C(C)C)=C4)C=C(C=C3)C6=C(C=C(C=C6C(C)C)C(C)C)C(C)C.O=C(O)C1=CC=CC=C1.FC1=C2C([Ir]34([N]5=CC=C(C(C)(C)C)C=C5C6=[N]3C=CC(C(C)(C)C)=C6)([N]7=CC(C(F)(F)F)=CC=C7C8=C(F)C=C(F)C=C84)[N]9=CC(C(F)(F)F)=CC=C92)=CC(F)=C1.F[P-](F)(F)(F)(F)F.CC1=CC=CC=C1.O=C1C=C(C)CCC1.CN(C1=CC=CC=C1C)C2=CC=CC=C2,288.15,1.5755454010822671
50,N[C@@H]1CCCC[C@H]1N2C3=C(C4=C2C=CC(C5=C(C=C(C=C5C(C)C)C(C)C)C(C)C)=C4)C=C(C=C3)C6=C(C=C(C=C6C(C)C)C(C)C)C(C)C,O=C1C=C(C)CCC1,CN(C)C1=CC=CC=C1,0.88,CC1=CC=CC=C1,O=C(O)C1=CC=CC=C1O=C(O)C1=CC=CC=C1.O=C(C1=CC=C(N(C)C)C=C1)C2=CC=C(N(C)C)C=C2,15,N[C@@H]1CCCC[C@H]1N2C3=C(C4=C2C=CC(C5=C(C=C(C=C5C(C)C)C(C)C)C(C)C)=C4)C=C(C=C3)C6=C(C=C(C=C6C(C)C)C(C)C)C(C)C.O=C(O)C1=CC=CC=C1O=C(O)C1=CC=CC=C1.O=C(C1=CC=C(N(C)C)C=C1)C2=CC=C(N(C)C)C=C2.CC1=CC=CC=C1.O=C1C=C(C)CCC1.CN(C)C1=CC=CC=C1,288.15,1.5755454010822671
51,N[C@@H]1CCCC[C@H]1NCNC2=CC(C(F)(F)F)=CC(C(F)(F)F)=C2,O=C1C=C(C)CCC1,C1(OCO2)=C2C=CC=C1,0.05,ClCCl,O=C(O)C1=CC=CC=C1,35,N[C@@H]1CCCC[C@H]1NCNC2=CC(C(F)(F)F)=CC(C(F)(F)F)=C2.O=C(O)C1=CC=CC=C1.ClCCl.O=C1C=C(C)CCC1.C1(OCO2)=C2C=CC=C1,308.15,0.0612860575070578
52,N[C@@H]1CCCC[C@H]1N(CC2=CC=CC=C2)CC3=CC=CC=C3,O=C1C=C(C)CCC1,C1(OCO2)=C2C=CC=C1,0,ClCCl,O=C(O)C1=CC=CC=C1,35,N[C@@H]1CCCC[C@H]1N(CC2=CC=CC=C2)CC3=CC=CC=C3.O=C(O)C1=CC=CC=C1.ClCCl.O=C1C=C(C)CCC1.C1(OCO2)=C2C=CC=C1,308.15,0
53,NC(C(N1C(C)=CC=C1C)C2=CC=CC=C2)C3=CC=CC=C3,O=C1C=C(C)CCC1,C1(OCO2)=C2C=CC=C1,0.08,ClCCl,O=C(O)C1=CC=CC=C1,35,NC(C(N1C(C)=CC=C1C)C2=CC=CC=C2)C3=CC=CC=C3.O=C(O)C1=CC=CC=C1.ClCCl.O=C1C=C(C)CCC1.C1(OCO2)=C2C=CC=C1,308.15,0.0981857443280361
54,CC1=CC=C(C)N1[C@H]2[C@H](N)CCCC2,O=C1C=C(C)CCC1,C1(OCO2)=C2C=CC=C1,0.6,ClCCl,O=C(O)C1=CC=CC=C1,35,CC1=CC=C(C)N1[C@H]2[C@H](N)CCCC2.O=C(O)C1=CC=CC=C1.ClCCl.O=C1C=C(C)CCC1.C1(OCO2)=C2C=CC=C1,308.15,0.8488966824515886
55,C12=[N]([Ru+2]3([N]4=C2C=CC=C4)([N]5=C6C=CC=C5)([N]7=C6C=CC=C7)[N]8=C(C9=[N]3C=CC=C9)C=CC=C8)C=CC=C1.[Cl-].[Cl-],CCCCCCCC([H])=O,BrC(C(OCC)=O)C(OCC)=O,0.9,CC1=NC(C)=CC=C1.O=CN(C)C,,23,C12=[N]([Ru+2]3([N]4=C2C=CC=C4)([N]5=C6C=CC=C5)([N]7=C6C=CC=C7)[N]8=C(C9=[N]3C=CC=C9)C=CC=C8)C=CC=C1.[Cl-].[Cl-].CC1=NC(C)=CC=C1.O=CN(C)C.CCCCCCCC([H])=O.BrC(C(OCC)=O)C(OCC)=O,296.15,1.732812223721103
56,C12=[N]([Ru+2]3([N]4=C2C=CC=C4)([N]5=C6C=CC=C5)([N]7=C6C=CC=C7)[N]8=C(C9=[N]3C=CC=C9)C=CC=C8)C=CC=C1.[Cl-].[Cl-],[H]C(CCCC/C=C/CC)=O,BrC(C(OCC)=O)C(OCC)=O,0.9,CC1=NC(C)=CC=C1.O=CN(C)C,,23,C12=[N]([Ru+2]3([N]4=C2C=CC=C4)([N]5=C6C=CC=C5)([N]7=C6C=CC=C7)[N]8=C(C9=[N]3C=CC=C9)C=CC=C8)C=CC=C1.[Cl-].[Cl-].CC1=NC(C)=CC=C1.O=CN(C)C.[H]C(CCCC/C=C/CC)=O.BrC(C(OCC)=O)C(OCC)=O,296.15,1.732812223721103
57,C12=[N]([Ru+2]3([N]4=C2C=CC=C4)([N]5=C6C=CC=C5)([N]7=C6C=CC=C7)[N]8=C(C9=[N]3C=CC=C9)C=CC=C8)C=CC=C1.[Cl-].[Cl-],[H]C(CCC1=CC=CC=C1)=O,BrC(C(OCC)=O)C(OCC)=O,0.9,CC1=NC(C)=CC=C1.O=CN(C)C,,23,C12=[N]([Ru+2]3([N]4=C2C=CC=C4)([N]5=C6C=CC=C5)([N]7=C6C=CC=C7)[N]8=C(C9=[N]3C=CC=C9)C=CC=C8)C=CC=C1.[Cl-].[Cl-].CC1=NC(C)=CC=C1.O=CN(C)C.[H]C(CCC1=CC=CC=C1)=O.BrC(C(OCC)=O)C(OCC)=O,296.15,1.732812223721103
58,C12=[N]([Ru+2]3([N]4=C2C=CC=C4)([N]5=C6C=CC=C5)([N]7=C6C=CC=C7)[N]8=C(C9=[N]3C=CC=C9)C=CC=C8)C=CC=C1.[Cl-].[Cl-],[H]C(CC1CCCCC1)=O,BrC(C(OCC)=O)C(OCC)=O,0.95,CC1=NC(C)=CC=C1.O=CN(C)C,,23,C12=[N]([Ru+2]3([N]4=C2C=CC=C4)([N]5=C6C=CC=C5)([N]7=C6C=CC=C7)[N]8=C(C9=[N]3C=CC=C9)C=CC=C8)C=CC=C1.[Cl-].[Cl-].CC1=NC(C)=CC=C1.O=CN(C)C.[H]C(CC1CCCCC1)=O.BrC(C(OCC)=O)C(OCC)=O,296.15,2.156018327323742
59,C12=[N]([Ru+2]3([N]4=C2C=CC=C4)([N]5=C6C=CC=C5)([N]7=C6C=CC=C7)[N]8=C(C9=[N]3C=CC=C9)C=CC=C8)C=CC=C1.[Cl-].[Cl-],[H]C(CC1CCN(CC1)C(OC(C)(C)C)=O)=O,BrC(C(OCC)=O)C(OCC)=O,0.91,CC1=NC(C)=CC=C1.O=CN(C)C,,23,C12=[N]([Ru+2]3([N]4=C2C=CC=C4)([N]5=C6C=CC=C5)([N]7=C6C=CC=C7)[N]8=C(C9=[N]3C=CC=C9)C=CC=C8)C=CC=C1.[Cl-].[Cl-].CC1=NC(C)=CC=C1.O=CN(C)C.[H]C(CC1CCN(CC1)C(OC(C)(C)C)=O)=O.BrC(C(OCC)=O)C(OCC)=O,296.15,1.7979065044420683
60,C12=[N]([Ru+2]3([N]4=C2C=CC=C4)([N]5=C6C=CC=C5)([N]7=C6C=CC=C7)[N]8=C(C9=[N]3C=CC=C9)C=CC=C8)C=CC=C1.[Cl-].[Cl-],[H]C(CC12CC3CC(C2)CC(C3)C1)=O,BrC(C(OCC)=O)C(OCC)=O,0.93,CC1=NC(C)=CC=C1.O=CN(C)C,C[C@@H]1N[C@@H](C(C)(C)C)N(C)C1=O.O=S(C(F)(F)F)(O)=O,23,C12=[N]([Ru+2]3([N]4=C2C=CC=C4)([N]5=C6C=CC=C5)([N]7=C6C=CC=C7)[N]8=C(C9=[N]3C=CC=C9)C=CC=C8)C=CC=C1.[Cl-].[Cl-].C[C@@H]1N[C@@H](C(C)(C)C)N(C)C1=O.O=S(C(F)(F)F)(O)=O.CC1=NC(C)=CC=C1.O=CN(C)C.[H]C(CC12CC3CC(C2)CC(C3)C1)=O.BrC(C(OCC)=O)C(OCC)=O,296.15,1.9519361878820671
61,C12=[N]([Ru+2]3([N]4=C2C=CC=C4)([N]5=C6C=CC=C5)([N]7=C6C=CC=C7)[N]8=C(C9=[N]3C=CC=C9)C=CC=C8)C=CC=C1.[Cl-].[Cl-],CCCCCCCC=O,BrCC(C1=CC=CC=C1)=O,0.96,CC1=NC(C)=CC=C1.O=CN(C)C,,23,C12=[N]([Ru+2]3([N]4=C2C=CC=C4)([N]5=C6C=CC=C5)([N]7=C6C=CC=C7)[N]8=C(C9=[N]3C=CC=C9)C=CC=C8)C=CC=C1.[Cl-].[Cl-].CC1=NC(C)=CC=C1.O=CN(C)C.CCCCCCCC=O.BrCC(C1=CC=CC=C1)=O,296.15,2.2903493102788435
62,C12=[N]([Ru+2]3([N]4=C2C=CC=C4)([N]5=C6C=CC=C5)([N]7=C6C=CC=C7)[N]8=C(C9=[N]3C=CC=C9)C=CC=C8)C=CC=C1.[Cl-].[Cl-],CCCCCCCC=O,BrCC(C1=CC=C(OC)C=C1)=O,0.96,CC1=NC(C)=CC=C1.O=CN(C)C,,23,C12=[N]([Ru+2]3([N]4=C2C=CC=C4)([N]5=C6C=CC=C5)([N]7=C6C=CC=C7)[N]8=C(C9=[N]3C=CC=C9)C=CC=C8)C=CC=C1.[Cl-].[Cl-].CC1=NC(C)=CC=C1.O=CN(C)C.CCCCCCCC=O.BrCC(C1=CC=C(OC)C=C1)=O,296.15,2.2903493102788435
63,C12=[N]([Ru+2]3([N]4=C2C=CC=C4)([N]5=C6C=CC=C5)([N]7=C6C=CC=C7)[N]8=C(C9=[N]3C=CC=C9)C=CC=C8)C=CC=C1.[Cl-].[Cl-],CCCCCCCC=O,BrCC(C1=CC=C([N+]([O-])=O)C=C1)=O,0.95,CC1=NC(C)=CC=C1.O=CN(C)C,,23,C12=[N]([Ru+2]3([N]4=C2C=CC=C4)([N]5=C6C=CC=C5)([N]7=C6C=CC=C7)[N]8=C(C9=[N]3C=CC=C9)C=CC=C8)C=CC=C1.[Cl-].[Cl-].CC1=NC(C)=CC=C1.O=CN(C)C.CCCCCCCC=O.BrCC(C1=CC=C([N+]([O-])=O)C=C1)=O,296.15,2.156018327323742
64,C12=[N]([Ru+2]3([N]4=C2C=CC=C4)([N]5=C6C=CC=C5)([N]7=C6C=CC=C7)[N]8=C(C9=[N]3C=CC=C9)C=CC=C8)C=CC=C1.[Cl-].[Cl-],CCCCCCCC=O,O=C(OCC(F)(F)F)CBr,0.92,CC1=NC(C)=CC=C1.O=CN(C)C,,23,C12=[N]([Ru+2]3([N]4=C2C=CC=C4)([N]5=C6C=CC=C5)([N]7=C6C=CC=C7)[N]8=C(C9=[N]3C=CC=C9)C=CC=C8)C=CC=C1.[Cl-].[Cl-].CC1=NC(C)=CC=C1.O=CN(C)C.CCCCCCCC=O.O=C(OCC(F)(F)F)CBr,296.15,1.8702953478864743
65,C12=[N]([Ru+2]3([N]4=C2C=CC=C4)([N]5=C6C=CC=C5)([N]7=C6C=CC=C7)[N]8=C(C9=[N]3C=CC=C9)C=CC=C8)C=CC=C1.[Cl-].[Cl-],CCCCCCCC=O,CC(C(OCC)=O)(C(OCC)=O)Br,0.88,CC1=NC(C)=CC=C1.O=CN(C)C,,23,C12=[N]([Ru+2]3([N]4=C2C=CC=C4)([N]5=C6C=CC=C5)([N]7=C6C=CC=C7)[N]8=C(C9=[N]3C=CC=C9)C=CC=C8)C=CC=C1.[Cl-].[Cl-].CC1=NC(C)=CC=C1.O=CN(C)C.CCCCCCCC=O.CC(C(OCC)=O)(C(OCC)=O)Br,296.15,1.6192877686292324
66,C12=[N]([Ru+2]3([N]4=C2C=CC=C4)([N]5=C6C=CC=C5)([N]7=C6C=CC=C7)[N]8=C(C9=[N]3C=CC=C9)C=CC=C8)C=CC=C1.[Cl-].[Cl-],CCCCCCCC=O,O=C1C(C(OC(C)(C)C)=O)(CC2=CC=CC=C21)Br,0.99,CC1=NC(C)=CC=C1.O=CN(C)C,,23,C12=[N]([Ru+2]3([N]4=C2C=CC=C4)([N]5=C6C=CC=C5)([N]7=C6C=CC=C7)[N]8=C(C9=[N]3C=CC=C9)C=CC=C8)C=CC=C1.[Cl-].[Cl-].CC1=NC(C)=CC=C1.O=CN(C)C.CCCCCCCC=O.O=C1C(C(OC(C)(C)C)=O)(CC2=CC=CC=C21)Br,296.15,3.115127658974659
67,COC(S1)=CC=C1C2=C(C3=CC=C(OC)S3)N=C(C#N)C(C#N)=N2.O=P1(O)OC2=C(C3=C(CC=C4CC=C5)C(C4=C5C=C6)=C6C=C3)C=CC7=C2[C@@]8(CCC9=C8C(O1)=C(C%10=CC=C%11C%12=C%10C=CC%13=C%12C(CC=C%13)=CC%11)C=C9)CC7,O=C(CC(C1=CC=CC=C1)=O)C2=NC=CC=C2,C=C(NC(C(C)(C)C)=O)C1=CC=CC=C1,0.91,ClCCl,,-50,COC(S1)=CC=C1C2=C(C3=CC=C(OC)S3)N=C(C#N)C(C#N)=N2.O=P1(O)OC2=C(C3=C(CC=C4CC=C5)C(C4=C5C=C6)=C6C=C3)C=CC7=C2[C@@]8(CCC9=C8C(O1)=C(C%10=CC=C%11C%12=C%10C=CC%13=C%12C(CC=C%13)=CC%11)C=C9)CC7.ClCCl.O=C(CC(C1=CC=CC=C1)=O)C2=NC=CC=C2.C=C(NC(C(C)(C)C)=O)C1=CC=CC=C1,223.15,1.3547284702557745
68,COC(S1)=CC=C1C2=C(C3=CC=C(OC)S3)N=C(C#N)C(C#N)=N2.O=P1(O)OC2=C(C3=C(CC=C4CC=C5)C(C4=C5C=C6)=C6C=C3)C=CC7=C2[C@@]8(CCC9=C8C(O1)=C(C%10=CC=C%11C%12=C%10C=CC%13=C%12C(CC=C%13)=CC%11)C=C9)CC7,O=C(CC(C1=CC=C(C#N)C=C1)=O)C2=NC=CC=C2,C=C(NC(C(C)(C)C)=O)C1=CC=CC=C1,0.9,ClCCl,,-50,COC(S1)=CC=C1C2=C(C3=CC=C(OC)S3)N=C(C#N)C(C#N)=N2.O=P1(O)OC2=C(C3=C(CC=C4CC=C5)C(C4=C5C=C6)=C6C=C3)C=CC7=C2[C@@]8(CCC9=C8C(O1)=C(C%10=CC=C%11C%12=C%10C=CC%13=C%12C(CC=C%13)=CC%11)C=C9)CC7.ClCCl.O=C(CC(C1=CC=C(C#N)C=C1)=O)C2=NC=CC=C2.C=C(NC(C(C)(C)C)=O)C1=CC=CC=C1,223.15,1.3056797154258457
69,COC(S1)=CC=C1C2=C(C3=CC=C(OC)S3)N=C(C#N)C(C#N)=N2.O=P1(O)OC2=C(C3=C(CC=C4CC=C5)C(C4=C5C=C6)=C6C=C3)C=CC7=C2[C@@]8(CCC9=C8C(O1)=C(C%10=CC=C%11C%12=C%10C=CC%13=C%12C(CC=C%13)=CC%11)C=C9)CC7,O=C(CC(C1=CC=CC(C#N)=C1)=O)C2=NC=CC=C2,C=C(NC(C(C)(C)C)=O)C1=CC=CC=C1,0.9,ClCCl,,-50,COC(S1)=CC=C1C2=C(C3=CC=C(OC)S3)N=C(C#N)C(C#N)=N2.O=P1(O)OC2=C(C3=C(CC=C4CC=C5)C(C4=C5C=C6)=C6C=C3)C=CC7=C2[C@@]8(CCC9=C8C(O1)=C(C%10=CC=C%11C%12=C%10C=CC%13=C%12C(CC=C%13)=CC%11)C=C9)CC7.ClCCl.O=C(CC(C1=CC=CC(C#N)=C1)=O)C2=NC=CC=C2.C=C(NC(C(C)(C)C)=O)C1=CC=CC=C1,223.15,1.3056797154258457
70,COC(S1)=CC=C1C2=C(C3=CC=C(OC)S3)N=C(C#N)C(C#N)=N2.O=P1(O)OC2=C(C3=C(CC=C4CC=C5)C(C4=C5C=C6)=C6C=C3)C=CC7=C2[C@@]8(CCC9=C8C(O1)=C(C%10=CC=C%11C%12=C%10C=CC%13=C%12C(CC=C%13)=CC%11)C=C9)CC7,O=C(CC(C1=CC=C(C(F)(F)F)C=C1)=O)C2=NC=CC=C2,C=C(NC(C(C)(C)C)=O)C1=CC=CC=C1,0.91,ClCCl,,-50,COC(S1)=CC=C1C2=C(C3=CC=C(OC)S3)N=C(C#N)C(C#N)=N2.O=P1(O)OC2=C(C3=C(CC=C4CC=C5)C(C4=C5C=C6)=C6C=C3)C=CC7=C2[C@@]8(CCC9=C8C(O1)=C(C%10=CC=C%11C%12=C%10C=CC%13=C%12C(CC=C%13)=CC%11)C=C9)CC7.ClCCl.O=C(CC(C1=CC=C(C(F)(F)F)C=C1)=O)C2=NC=CC=C2.C=C(NC(C(C)(C)C)=O)C1=CC=CC=C1,223.15,1.3547284702557745
71,COC(S1)=CC=C1C2=C(C3=CC=C(OC)S3)N=C(C#N)C(C#N)=N2.O=P1(O)OC2=C(C3=C(CC=C4CC=C5)C(C4=C5C=C6)=C6C=C3)C=CC7=C2[C@@]8(CCC9=C8C(O1)=C(C%10=CC=C%11C%12=C%10C=CC%13=C%12C(CC=C%13)=CC%11)C=C9)CC7,O=C(CC(C1=CC=C(F)C=C1)=O)C2=NC=CC=C2,C=C(NC(C(C)(C)C)=O)C1=CC=CC=C1,0.9,ClCCl,,-50,COC(S1)=CC=C1C2=C(C3=CC=C(OC)S3)N=C(C#N)C(C#N)=N2.O=P1(O)OC2=C(C3=C(CC=C4CC=C5)C(C4=C5C=C6)=C6C=C3)C=CC7=C2[C@@]8(CCC9=C8C(O1)=C(C%10=CC=C%11C%12=C%10C=CC%13=C%12C(CC=C%13)=CC%11)C=C9)CC7.ClCCl.O=C(CC(C1=CC=C(F)C=C1)=O)C2=NC=CC=C2.C=C(NC(C(C)(C)C)=O)C1=CC=CC=C1,223.15,1.3056797154258457
72,COC(S1)=CC=C1C2=C(C3=CC=C(OC)S3)N=C(C#N)C(C#N)=N2.O=P1(O)OC2=C(C3=C(CC=C4CC=C5)C(C4=C5C=C6)=C6C=C3)C=CC7=C2[C@@]8(CCC9=C8C(O1)=C(C%10=CC=C%11C%12=C%10C=CC%13=C%12C(CC=C%13)=CC%11)C=C9)CC7,O=C(CC(C1=CC=CC(F)=C1)=O)C2=NC=CC=C2,C=C(NC(C(C)(C)C)=O)C1=CC=CC=C1,0.91,ClCCl,,-50,COC(S1)=CC=C1C2=C(C3=CC=C(OC)S3)N=C(C#N)C(C#N)=N2.O=P1(O)OC2=C(C3=C(CC=C4CC=C5)C(C4=C5C=C6)=C6C=C3)C=CC7=C2[C@@]8(CCC9=C8C(O1)=C(C%10=CC=C%11C%12=C%10C=CC%13=C%12C(CC=C%13)=CC%11)C=C9)CC7.ClCCl.O=C(CC(C1=CC=CC(F)=C1)=O)C2=NC=CC=C2.C=C(NC(C(C)(C)C)=O)C1=CC=CC=C1,223.15,1.3547284702557745
73,COC(S1)=CC=C1C2=C(C3=CC=C(OC)S3)N=C(C#N)C(C#N)=N2.O=P1(O)OC2=C(C3=C(CC=C4CC=C5)C(C4=C5C=C6)=C6C=C3)C=CC7=C2[C@@]8(CCC9=C8C(O1)=C(C%10=CC=C%11C%12=C%10C=CC%13=C%12C(CC=C%13)=CC%11)C=C9)CC7,O=C(CC(C1=CC=C(Cl)C=C1)=O)C2=NC=CC=C2,C=C(NC(C(C)(C)C)=O)C1=CC=CC=C1,0.9,ClCCl,,-50,COC(S1)=CC=C1C2=C(C3=CC=C(OC)S3)N=C(C#N)C(C#N)=N2.O=P1(O)OC2=C(C3=C(CC=C4CC=C5)C(C4=C5C=C6)=C6C=C3)C=CC7=C2[C@@]8(CCC9=C8C(O1)=C(C%10=CC=C%11C%12=C%10C=CC%13=C%12C(CC=C%13)=CC%11)C=C9)CC7.ClCCl.O=C(CC(C1=CC=C(Cl)C=C1)=O)C2=NC=CC=C2.C=C(NC(C(C)(C)C)=O)C1=CC=CC=C1,223.15,1.3056797154258457
74,COC(S1)=CC=C1C2=C(C3=CC=C(OC)S3)N=C(C#N)C(C#N)=N2.O=P1(O)OC2=C(C3=C(CC=C4CC=C5)C(C4=C5C=C6)=C6C=C3)C=CC7=C2[C@@]8(CCC9=C8C(O1)=C(C%10=CC=C%11C%12=C%10C=CC%13=C%12C(CC=C%13)=CC%11)C=C9)CC7,O=C(CC(C1=CC=CC(Cl)=C1)=O)C2=NC=CC=C2,C=C(NC(C(C)(C)C)=O)C1=CC=CC=C1,0.9,ClCCl,,-50,COC(S1)=CC=C1C2=C(C3=CC=C(OC)S3)N=C(C#N)C(C#N)=N2.O=P1(O)OC2=C(C3=C(CC=C4CC=C5)C(C4=C5C=C6)=C6C=C3)C=CC7=C2[C@@]8(CCC9=C8C(O1)=C(C%10=CC=C%11C%12=C%10C=CC%13=C%12C(CC=C%13)=CC%11)C=C9)CC7.ClCCl.O=C(CC(C1=CC=CC(Cl)=C1)=O)C2=NC=CC=C2.C=C(NC(C(C)(C)C)=O)C1=CC=CC=C1,223.15,1.3056797154258457
75,COC(S1)=CC=C1C2=C(C3=CC=C(OC)S3)N=C(C#N)C(C#N)=N2.O=P1(O)OC2=C(C3=C(CC=C4CC=C5)C(C4=C5C=C6)=C6C=C3)C=CC7=C2[C@@]8(CCC9=C8C(O1)=C(C%10=CC=C%11C%12=C%10C=CC%13=C%12C(CC=C%13)=CC%11)C=C9)CC7,O=C(CC(C1=CC=C(Br)C=C1)=O)C2=NC=CC=C2,C=C(NC(C(C)(C)C)=O)C1=CC=CC=C1,0.88,ClCCl,,-50,COC(S1)=CC=C1C2=C(C3=CC=C(OC)S3)N=C(C#N)C(C#N)=N2.O=P1(O)OC2=C(C3=C(CC=C4CC=C5)C(C4=C5C=C6)=C6C=C3)C=CC7=C2[C@@]8(CCC9=C8C(O1)=C(C%10=CC=C%11C%12=C%10C=CC%13=C%12C(CC=C%13)=CC%11)C=C9)CC7.ClCCl.O=C(CC(C1=CC=C(Br)C=C1)=O)C2=NC=CC=C2.C=C(NC(C(C)(C)C)=O)C1=CC=CC=C1,223.15,1.2201386647631716
76,COC(S1)=CC=C1C2=C(C3=CC=C(OC)S3)N=C(C#N)C(C#N)=N2.O=P1(O)OC2=C(C3=C(CC=C4CC=C5)C(C4=C5C=C6)=C6C=C3)C=CC7=C2[C@@]8(CCC9=C8C(O1)=C(C%10=CC=C%11C%12=C%10C=CC%13=C%12C(CC=C%13)=CC%11)C=C9)CC7,O=C(CC(C1=CC=C(C(O[C@H]2C[C@@H](C)CC[C@@H]2C(C)C)=O)C=C1)=O)C3=NC=CC=C3,C=C(NC(C(C)(C)C)=O)C1=CC=CC=C1,0.94,ClCCl,,-50,COC(S1)=CC=C1C2=C(C3=CC=C(OC)S3)N=C(C#N)C(C#N)=N2.O=P1(O)OC2=C(C3=C(CC=C4CC=C5)C(C4=C5C=C6)=C6C=C3)C=CC7=C2[C@@]8(CCC9=C8C(O1)=C(C%10=CC=C%11C%12=C%10C=CC%13=C%12C(CC=C%13)=CC%11)C=C9)CC7.ClCCl.O=C(CC(C1=CC=C(C(O[C@H]2C[C@@H](C)CC[C@@H]2C(C)C)=O)C=C1)=O)C3=NC=CC=C3.C=C(NC(C(C)(C)C)=O)C1=CC=CC=C1,223.15,1.5414384812352788
